/Users/elywright/Desktop/geocentric-main/.venv/lib/python3.9/site-packages/urllib3/__init__.py:35: NotOpenSSLWarning: urllib3 v2 only supports OpenSSL 1.1.1+, currently the 'ssl' module is compiled with 'LibreSSL 2.8.3'. See: https://github.com/urllib3/urllib3/issues/3020
  warnings.warn(
================================================================================
  STEP 1: SELECT THE PRIMARY MODEL TO RUN ON HOSTING (MAIN CHAT FALLBACK)
  (Note: You will select specialized Thinking and Instant models in the next steps!)
================================================================================
  [1] [OLLAMA] gemma4-agent:latest
  [2] [OLLAMA] gemma4-fast:latest
  [3] [OLLAMA] gemma4:12b-mlx
  [4] [OLLAMA] gemma4:latest
  [5] [OLLAMA] igorls/gemma-4-12B-it-heretic-GGUF:latest
  [6] [OLLAMA] qwen:latest
================================================================================
  -> Selected model to run: gemma4-agent:latest
================================================================================
  -> Thinking model configured: gemma4-agent:latest
  -> Instant model configured: gemma4:12b-mlx
================================================================================

================================================================================
Geocentric 2.1 runtime check
================================================================================
Platform: macOS-27.0-arm64-arm-64bit
Python: 3.9.6
PyTorch: 2.7.1
MPS built: True
MPS available: True
CUDA available: False
Selected device: mps
Selected dtype: torch.bfloat16
System memory total: 16.00 GB
System memory available: 8.84 GB
MPS probe mean: 8.0000
Mac GPU communication: OK
================================================================================
⏳ Cron Prompt Scheduler started.
================================================================================
  GEOCENTRIC 2.1 WEB SERVER OPERATIONAL
================================================================================
  - Local host access:   http://localhost:8000
  - Network device access: http://192.168.1.30:8000
  - Public tunnel URL:   requesting...
================================================================================
INFO:     Started server process [31989]
INFO:     Waiting for application startup.
INFO:     Application startup complete.
INFO:     Uvicorn running on http://0.0.0.0:8000 (Press CTRL+C to quit)
  - Public tunnel URL:   https://nine-crabs-divide.loca.lt
INFO:     Shutting down
INFO:     Waiting for application shutdown.
INFO:     Application shutdown complete.
INFO:     Finished server process [31989]
/Users/elywright/Desktop/geocentric-main/.venv/lib/python3.9/site-packages/urllib3/__init__.py:35: NotOpenSSLWarning: urllib3 v2 only supports OpenSSL 1.1.1+, currently the 'ssl' module is compiled with 'LibreSSL 2.8.3'. See: https://github.com/urllib3/urllib3/issues/3020
  warnings.warn(
================================================================================
  STEP 1: SELECT THE PRIMARY MODEL TO RUN ON HOSTING (MAIN CHAT FALLBACK)
  (Note: You will select specialized Thinking and Instant models in the next steps!)
================================================================================
  [1] [OLLAMA] gemma4-agent:latest
  [2] [OLLAMA] gemma4-fast:latest
  [3] [OLLAMA] gemma4:12b-mlx
  [4] [OLLAMA] gemma4:latest
  [5] [OLLAMA] igorls/gemma-4-12B-it-heretic-GGUF:latest
  [6] [OLLAMA] qwen:latest
================================================================================
  -> Selected model to run: gemma4-agent:latest
================================================================================
  -> Thinking model configured: gemma4-agent:latest
  -> Instant model configured: gemma4:12b-mlx
================================================================================

================================================================================
Geocentric 2.1 runtime check
================================================================================
Platform: macOS-27.0-arm64-arm-64bit
Python: 3.9.6
PyTorch: 2.7.1
MPS built: True
MPS available: True
CUDA available: False
Selected device: mps
Selected dtype: torch.bfloat16
System memory total: 16.00 GB
System memory available: 6.74 GB
MPS probe mean: 8.0000
Mac GPU communication: OK
================================================================================
⏳ Cron Prompt Scheduler started.
================================================================================
  GEOCENTRIC 2.1 WEB SERVER OPERATIONAL
================================================================================
  - Local host access:   http://localhost:8000
  - Network device access: http://192.168.1.30:8000
  - Public tunnel URL:   requesting...
================================================================================
INFO:     Started server process [32270]
INFO:     Waiting for application startup.
INFO:     Application startup complete.
INFO:     Uvicorn running on http://0.0.0.0:8000 (Press CTRL+C to quit)
  - Public tunnel URL:   https://green-donuts-feel.loca.lt
INFO:     Shutting down
INFO:     Waiting for application shutdown.
INFO:     Application shutdown complete.
INFO:     Finished server process [32270]
/Users/elywright/Desktop/geocentric-main/.venv/lib/python3.9/site-packages/urllib3/__init__.py:35: NotOpenSSLWarning: urllib3 v2 only supports OpenSSL 1.1.1+, currently the 'ssl' module is compiled with 'LibreSSL 2.8.3'. See: https://github.com/urllib3/urllib3/issues/3020
  warnings.warn(
================================================================================
  STEP 1: SELECT THE PRIMARY MODEL TO RUN ON HOSTING (MAIN CHAT FALLBACK)
  (Note: You will select specialized Thinking and Instant models in the next steps!)
================================================================================
  [1] [OLLAMA] gemma4-agent:latest
  [2] [OLLAMA] gemma4-fast:latest
  [3] [OLLAMA] gemma4:12b-mlx
  [4] [OLLAMA] gemma4:latest
  [5] [OLLAMA] igorls/gemma-4-12B-it-heretic-GGUF:latest
  [6] [OLLAMA] qwen:latest
================================================================================
  -> Selected model to run: gemma4-agent:latest
================================================================================
  -> Thinking model configured: gemma4-agent:latest
  -> Instant model configured: gemma4:12b-mlx
================================================================================

================================================================================
Geocentric 2.1 runtime check
================================================================================
Platform: macOS-27.0-arm64-arm-64bit
Python: 3.9.6
PyTorch: 2.7.1
MPS built: True
MPS available: True
CUDA available: False
Selected device: mps
Selected dtype: torch.bfloat16
System memory total: 16.00 GB
System memory available: 9.12 GB
MPS probe mean: 8.0000
Mac GPU communication: OK
================================================================================
⏳ Cron Prompt Scheduler started.
================================================================================
  GEOCENTRIC 2.1 WEB SERVER OPERATIONAL
================================================================================
  - Local host access:   http://localhost:8000
  - Network device access: http://192.168.1.30:8000
  - Public tunnel URL:   requesting...
================================================================================
INFO:     Started server process [32408]
INFO:     Waiting for application startup.
INFO:     Application startup complete.
INFO:     Uvicorn running on http://0.0.0.0:8000 (Press CTRL+C to quit)
  - Public tunnel URL:   https://tangy-needles-spend.loca.lt
INFO:     Shutting down
INFO:     Waiting for application shutdown.
INFO:     Application shutdown complete.
INFO:     Finished server process [32408]
/Users/elywright/Desktop/geocentric-main/.venv/lib/python3.9/site-packages/urllib3/__init__.py:35: NotOpenSSLWarning: urllib3 v2 only supports OpenSSL 1.1.1+, currently the 'ssl' module is compiled with 'LibreSSL 2.8.3'. See: https://github.com/urllib3/urllib3/issues/3020
  warnings.warn(
================================================================================
  STEP 1: SELECT THE PRIMARY MODEL TO RUN ON HOSTING (MAIN CHAT FALLBACK)
  (Note: You will select specialized Thinking and Instant models in the next steps!)
================================================================================
  [1] [OLLAMA] gemma4-agent:latest
  [2] [OLLAMA] gemma4-fast:latest
  [3] [OLLAMA] gemma4:12b-mlx
  [4] [OLLAMA] gemma4:latest
  [5] [OLLAMA] igorls/gemma-4-12B-it-heretic-GGUF:latest
  [6] [OLLAMA] qwen:latest
================================================================================
  -> Selected model to run: gemma4-agent:latest
================================================================================
  -> Thinking model configured: gemma4-agent:latest
  -> Instant model configured: gemma4:12b-mlx
================================================================================

================================================================================
Geocentric 2.1 runtime check
================================================================================
Platform: macOS-27.0-arm64-arm-64bit
Python: 3.9.6
PyTorch: 2.7.1
MPS built: True
MPS available: True
CUDA available: False
Selected device: mps
Selected dtype: torch.bfloat16
System memory total: 16.00 GB
System memory available: 8.83 GB
MPS probe mean: 8.0000
Mac GPU communication: OK
================================================================================
⏳ Cron Prompt Scheduler started.
================================================================================
  GEOCENTRIC 2.1 WEB SERVER OPERATIONAL
================================================================================
  - Local host access:   http://localhost:8000
  - Network device access: http://192.168.1.30:8000
  - Public tunnel URL:   requesting...
================================================================================
INFO:     Started server process [32868]
INFO:     Waiting for application startup.
INFO:     Application startup complete.
INFO:     Uvicorn running on http://0.0.0.0:8000 (Press CTRL+C to quit)
  - Public tunnel URL:   https://true-women-try.loca.lt




INFO:     Shutting down
INFO:     Waiting for application shutdown.
INFO:     Application shutdown complete.
INFO:     Finished server process [32868]
/Users/elywright/Desktop/geocentric-main/.venv/lib/python3.9/site-packages/urllib3/__init__.py:35: NotOpenSSLWarning: urllib3 v2 only supports OpenSSL 1.1.1+, currently the 'ssl' module is compiled with 'LibreSSL 2.8.3'. See: https://github.com/urllib3/urllib3/issues/3020
  warnings.warn(
================================================================================
  STEP 1: SELECT THE PRIMARY MODEL TO RUN ON HOSTING (MAIN CHAT FALLBACK)
  (Note: You will select specialized Thinking and Instant models in the next steps!)
================================================================================
  [1] [OLLAMA] gemma4-agent:latest
  [2] [OLLAMA] gemma4-fast:latest
  [3] [OLLAMA] gemma4:12b-mlx
  [4] [OLLAMA] gemma4:latest
  [5] [OLLAMA] igorls/gemma-4-12B-it-heretic-GGUF:latest
  [6] [OLLAMA] qwen:latest
================================================================================
  -> Selected model to run: gemma4-agent:latest
================================================================================
  -> Thinking model configured: gemma4-agent:latest
  -> Instant model configured: gemma4:12b-mlx
================================================================================

================================================================================
Geocentric 2.1 runtime check
================================================================================
Platform: macOS-27.0-arm64-arm-64bit
Python: 3.9.6
PyTorch: 2.7.1
MPS built: True
MPS available: True
CUDA available: False
Selected device: mps
Selected dtype: torch.bfloat16
System memory total: 16.00 GB
System memory available: 8.85 GB
MPS probe mean: 8.0000
Mac GPU communication: OK
================================================================================
⏳ Cron Prompt Scheduler started.
================================================================================
  GEOCENTRIC 2.1 WEB SERVER OPERATIONAL
================================================================================
  - Local host access:   http://localhost:8000
  - Network device access: http://192.168.1.30:8000
  - Public tunnel URL:   requesting...
================================================================================
INFO:     Started server process [33252]
INFO:     Waiting for application startup.
INFO:     Application startup complete.
INFO:     Uvicorn running on http://0.0.0.0:8000 (Press CTRL+C to quit)
  - Public tunnel URL:   https://fine-snails-yawn.loca.lt

INFO:     Shutting down
INFO:     Waiting for application shutdown.
INFO:     Application shutdown complete.
INFO:     Finished server process [33252]
/Users/elywright/Desktop/geocentric-main/.venv/lib/python3.9/site-packages/urllib3/__init__.py:35: NotOpenSSLWarning: urllib3 v2 only supports OpenSSL 1.1.1+, currently the 'ssl' module is compiled with 'LibreSSL 2.8.3'. See: https://github.com/urllib3/urllib3/issues/3020
  warnings.warn(
================================================================================
  STEP 1: SELECT THE PRIMARY MODEL TO RUN ON HOSTING (MAIN CHAT FALLBACK)
  (Note: You will select specialized Thinking and Instant models in the next steps!)
================================================================================
  [1] [OLLAMA] gemma4-agent:latest
  [2] [OLLAMA] gemma4-fast:latest
  [3] [OLLAMA] gemma4:12b-mlx
  [4] [OLLAMA] gemma4:latest
  [5] [OLLAMA] igorls/gemma-4-12B-it-heretic-GGUF:latest
  [6] [OLLAMA] qwen:latest
================================================================================
  -> Selected model to run: gemma4-agent:latest
================================================================================
  -> Thinking model configured: gemma4-agent:latest
  -> Instant model configured: gemma4:12b-mlx
================================================================================

================================================================================
Geocentric 2.1 runtime check
================================================================================
Platform: macOS-27.0-arm64-arm-64bit
Python: 3.9.6
PyTorch: 2.7.1
MPS built: True
MPS available: True
CUDA available: False
Selected device: mps
Selected dtype: torch.bfloat16
System memory total: 16.00 GB
System memory available: 8.35 GB
MPS probe mean: 8.0000
Mac GPU communication: OK
================================================================================
⏳ Cron Prompt Scheduler started.
================================================================================
  GEOCENTRIC 2.1 WEB SERVER OPERATIONAL
================================================================================
  - Local host access:   http://localhost:8000
  - Network device access: http://192.168.1.30:8000
  - Public tunnel URL:   requesting...
================================================================================
INFO:     Started server process [34409]
INFO:     Waiting for application startup.
INFO:     Application startup complete.
INFO:     Uvicorn running on http://0.0.0.0:8000 (Press CTRL+C to quit)
  - Public tunnel URL:   https://public-bats-ask.loca.lt

ERROR:    Exception in ASGI application
  + Exception Group Traceback (most recent call last):
  |   File "/Users/elywright/Desktop/geocentric-main/.venv/lib/python3.9/site-packages/starlette/_utils.py", line 79, in collapse_excgroups
  |     yield
  |   File "/Users/elywright/Desktop/geocentric-main/.venv/lib/python3.9/site-packages/starlette/responses.py", line 277, in __call__
  |     await wrap(partial(self.listen_for_disconnect, receive))
  |   File "/Users/elywright/Desktop/geocentric-main/.venv/lib/python3.9/site-packages/anyio/_backends/_asyncio.py", line 783, in __aexit__
  |     raise BaseExceptionGroup(
  | exceptiongroup.ExceptionGroup: unhandled errors in a TaskGroup (1 sub-exception)
  +-+---------------- 1 ----------------
    | Traceback (most recent call last):
    |   File "/Users/elywright/Desktop/geocentric-main/.venv/lib/python3.9/site-packages/uvicorn/protocols/http/httptools_impl.py", line 415, in run_asgi
    |     result = await app(  # type: ignore[func-returns-value]
    |   File "/Users/elywright/Desktop/geocentric-main/.venv/lib/python3.9/site-packages/uvicorn/middleware/proxy_headers.py", line 60, in __call__
    |     return await self.app(scope, receive, send)
    |   File "/Users/elywright/Desktop/geocentric-main/.venv/lib/python3.9/site-packages/fastapi/applications.py", line 1138, in __call__
    |     await super().__call__(scope, receive, send)
    |   File "/Users/elywright/Desktop/geocentric-main/.venv/lib/python3.9/site-packages/starlette/applications.py", line 113, in __call__
    |     await self.middleware_stack(scope, receive, send)
    |   File "/Users/elywright/Desktop/geocentric-main/.venv/lib/python3.9/site-packages/starlette/middleware/errors.py", line 186, in __call__
    |     raise exc
    |   File "/Users/elywright/Desktop/geocentric-main/.venv/lib/python3.9/site-packages/starlette/middleware/errors.py", line 164, in __call__
    |     await self.app(scope, receive, _send)
    |   File "/Users/elywright/Desktop/geocentric-main/.venv/lib/python3.9/site-packages/starlette/middleware/cors.py", line 85, in __call__
    |     await self.app(scope, receive, send)
    |   File "/Users/elywright/Desktop/geocentric-main/.venv/lib/python3.9/site-packages/starlette/middleware/exceptions.py", line 63, in __call__
    |     await wrap_app_handling_exceptions(self.app, conn)(scope, receive, send)
    |   File "/Users/elywright/Desktop/geocentric-main/.venv/lib/python3.9/site-packages/starlette/_exception_handler.py", line 53, in wrapped_app
    |     raise exc
    |   File "/Users/elywright/Desktop/geocentric-main/.venv/lib/python3.9/site-packages/starlette/_exception_handler.py", line 42, in wrapped_app
    |     await app(scope, receive, sender)
    |   File "/Users/elywright/Desktop/geocentric-main/.venv/lib/python3.9/site-packages/fastapi/middleware/asyncexitstack.py", line 18, in __call__
    |     await self.app(scope, receive, send)
    |   File "/Users/elywright/Desktop/geocentric-main/.venv/lib/python3.9/site-packages/starlette/routing.py", line 716, in __call__
    |     await self.middleware_stack(scope, receive, send)
    |   File "/Users/elywright/Desktop/geocentric-main/.venv/lib/python3.9/site-packages/starlette/routing.py", line 736, in app
    |     await route.handle(scope, receive, send)
    |   File "/Users/elywright/Desktop/geocentric-main/.venv/lib/python3.9/site-packages/starlette/routing.py", line 290, in handle
    |     await self.app(scope, receive, send)
    |   File "/Users/elywright/Desktop/geocentric-main/.venv/lib/python3.9/site-packages/fastapi/routing.py", line 121, in app
    |     await wrap_app_handling_exceptions(app, request)(scope, receive, send)
    |   File "/Users/elywright/Desktop/geocentric-main/.venv/lib/python3.9/site-packages/starlette/_exception_handler.py", line 53, in wrapped_app
    |     raise exc
    |   File "/Users/elywright/Desktop/geocentric-main/.venv/lib/python3.9/site-packages/starlette/_exception_handler.py", line 42, in wrapped_app
    |     await app(scope, receive, sender)
    |   File "/Users/elywright/Desktop/geocentric-main/.venv/lib/python3.9/site-packages/fastapi/routing.py", line 108, in app
    |     await response(scope, receive, send)
    |   File "/Users/elywright/Desktop/geocentric-main/.venv/lib/python3.9/site-packages/starlette/responses.py", line 277, in __call__
    |     await wrap(partial(self.listen_for_disconnect, receive))
    |   File "/Library/Developer/CommandLineTools/Library/Frameworks/Python3.framework/Versions/3.9/lib/python3.9/contextlib.py", line 135, in __exit__
    |     self.gen.throw(type, value, traceback)
    |   File "/Users/elywright/Desktop/geocentric-main/.venv/lib/python3.9/site-packages/starlette/_utils.py", line 85, in collapse_excgroups
    |     raise exc
    |   File "/Users/elywright/Desktop/geocentric-main/.venv/lib/python3.9/site-packages/starlette/responses.py", line 273, in wrap
    |     await func()
    |   File "/Users/elywright/Desktop/geocentric-main/.venv/lib/python3.9/site-packages/starlette/responses.py", line 253, in stream_response
    |     async for chunk in self.body_iterator:
    |   File "/Users/elywright/Desktop/geocentric-main/geocentric/server.py", line 5477, in event_stream_ollama
    |     usage_payload = build_usage_payload(max(1, len(prompt) // 4), max(1, len(accumulated) // 4))
    | NameError: free variable 'prompt' referenced before assignment in enclosing scope
    +------------------------------------

During handling of the above exception, another exception occurred:

Traceback (most recent call last):
  File "/Users/elywright/Desktop/geocentric-main/.venv/lib/python3.9/site-packages/uvicorn/protocols/http/httptools_impl.py", line 415, in run_asgi
    result = await app(  # type: ignore[func-returns-value]
  File "/Users/elywright/Desktop/geocentric-main/.venv/lib/python3.9/site-packages/uvicorn/middleware/proxy_headers.py", line 60, in __call__
    return await self.app(scope, receive, send)
  File "/Users/elywright/Desktop/geocentric-main/.venv/lib/python3.9/site-packages/fastapi/applications.py", line 1138, in __call__
    await super().__call__(scope, receive, send)
  File "/Users/elywright/Desktop/geocentric-main/.venv/lib/python3.9/site-packages/starlette/applications.py", line 113, in __call__
    await self.middleware_stack(scope, receive, send)
  File "/Users/elywright/Desktop/geocentric-main/.venv/lib/python3.9/site-packages/starlette/middleware/errors.py", line 186, in __call__
    raise exc
  File "/Users/elywright/Desktop/geocentric-main/.venv/lib/python3.9/site-packages/starlette/middleware/errors.py", line 164, in __call__
    await self.app(scope, receive, _send)
  File "/Users/elywright/Desktop/geocentric-main/.venv/lib/python3.9/site-packages/starlette/middleware/cors.py", line 85, in __call__
    await self.app(scope, receive, send)
  File "/Users/elywright/Desktop/geocentric-main/.venv/lib/python3.9/site-packages/starlette/middleware/exceptions.py", line 63, in __call__
    await wrap_app_handling_exceptions(self.app, conn)(scope, receive, send)
  File "/Users/elywright/Desktop/geocentric-main/.venv/lib/python3.9/site-packages/starlette/_exception_handler.py", line 53, in wrapped_app
    raise exc
  File "/Users/elywright/Desktop/geocentric-main/.venv/lib/python3.9/site-packages/starlette/_exception_handler.py", line 42, in wrapped_app
    await app(scope, receive, sender)
  File "/Users/elywright/Desktop/geocentric-main/.venv/lib/python3.9/site-packages/fastapi/middleware/asyncexitstack.py", line 18, in __call__
    await self.app(scope, receive, send)
  File "/Users/elywright/Desktop/geocentric-main/.venv/lib/python3.9/site-packages/starlette/routing.py", line 716, in __call__
    await self.middleware_stack(scope, receive, send)
  File "/Users/elywright/Desktop/geocentric-main/.venv/lib/python3.9/site-packages/starlette/routing.py", line 736, in app
    await route.handle(scope, receive, send)
  File "/Users/elywright/Desktop/geocentric-main/.venv/lib/python3.9/site-packages/starlette/routing.py", line 290, in handle
    await self.app(scope, receive, send)
  File "/Users/elywright/Desktop/geocentric-main/.venv/lib/python3.9/site-packages/fastapi/routing.py", line 121, in app
    await wrap_app_handling_exceptions(app, request)(scope, receive, send)
  File "/Users/elywright/Desktop/geocentric-main/.venv/lib/python3.9/site-packages/starlette/_exception_handler.py", line 53, in wrapped_app
    raise exc
  File "/Users/elywright/Desktop/geocentric-main/.venv/lib/python3.9/site-packages/starlette/_exception_handler.py", line 42, in wrapped_app
    await app(scope, receive, sender)
  File "/Users/elywright/Desktop/geocentric-main/.venv/lib/python3.9/site-packages/fastapi/routing.py", line 108, in app
    await response(scope, receive, send)
  File "/Users/elywright/Desktop/geocentric-main/.venv/lib/python3.9/site-packages/starlette/responses.py", line 277, in __call__
    await wrap(partial(self.listen_for_disconnect, receive))
  File "/Library/Developer/CommandLineTools/Library/Frameworks/Python3.framework/Versions/3.9/lib/python3.9/contextlib.py", line 135, in __exit__
    self.gen.throw(type, value, traceback)
  File "/Users/elywright/Desktop/geocentric-main/.venv/lib/python3.9/site-packages/starlette/_utils.py", line 85, in collapse_excgroups
    raise exc
  File "/Users/elywright/Desktop/geocentric-main/.venv/lib/python3.9/site-packages/starlette/responses.py", line 273, in wrap
    await func()
  File "/Users/elywright/Desktop/geocentric-main/.venv/lib/python3.9/site-packages/starlette/responses.py", line 253, in stream_response
    async for chunk in self.body_iterator:
  File "/Users/elywright/Desktop/geocentric-main/geocentric/server.py", line 5477, in event_stream_ollama
    usage_payload = build_usage_payload(max(1, len(prompt) // 4), max(1, len(accumulated) // 4))
NameError: free variable 'prompt' referenced before assignment in enclosing scope

ERROR:    Exception in ASGI application
  + Exception Group Traceback (most recent call last):
  |   File "/Users/elywright/Desktop/geocentric-main/.venv/lib/python3.9/site-packages/starlette/_utils.py", line 79, in collapse_excgroups
  |     yield
  |   File "/Users/elywright/Desktop/geocentric-main/.venv/lib/python3.9/site-packages/starlette/responses.py", line 277, in __call__
  |     await wrap(partial(self.listen_for_disconnect, receive))
  |   File "/Users/elywright/Desktop/geocentric-main/.venv/lib/python3.9/site-packages/anyio/_backends/_asyncio.py", line 783, in __aexit__
  |     raise BaseExceptionGroup(
  | exceptiongroup.ExceptionGroup: unhandled errors in a TaskGroup (1 sub-exception)
  +-+---------------- 1 ----------------
    | Traceback (most recent call last):
    |   File "/Users/elywright/Desktop/geocentric-main/.venv/lib/python3.9/site-packages/uvicorn/protocols/http/httptools_impl.py", line 415, in run_asgi
    |     result = await app(  # type: ignore[func-returns-value]
    |   File "/Users/elywright/Desktop/geocentric-main/.venv/lib/python3.9/site-packages/uvicorn/middleware/proxy_headers.py", line 60, in __call__
    |     return await self.app(scope, receive, send)
    |   File "/Users/elywright/Desktop/geocentric-main/.venv/lib/python3.9/site-packages/fastapi/applications.py", line 1138, in __call__
    |     await super().__call__(scope, receive, send)
    |   File "/Users/elywright/Desktop/geocentric-main/.venv/lib/python3.9/site-packages/starlette/applications.py", line 113, in __call__
    |     await self.middleware_stack(scope, receive, send)
    |   File "/Users/elywright/Desktop/geocentric-main/.venv/lib/python3.9/site-packages/starlette/middleware/errors.py", line 186, in __call__
    |     raise exc
    |   File "/Users/elywright/Desktop/geocentric-main/.venv/lib/python3.9/site-packages/starlette/middleware/errors.py", line 164, in __call__
    |     await self.app(scope, receive, _send)
    |   File "/Users/elywright/Desktop/geocentric-main/.venv/lib/python3.9/site-packages/starlette/middleware/cors.py", line 85, in __call__
    |     await self.app(scope, receive, send)
    |   File "/Users/elywright/Desktop/geocentric-main/.venv/lib/python3.9/site-packages/starlette/middleware/exceptions.py", line 63, in __call__
    |     await wrap_app_handling_exceptions(self.app, conn)(scope, receive, send)
    |   File "/Users/elywright/Desktop/geocentric-main/.venv/lib/python3.9/site-packages/starlette/_exception_handler.py", line 53, in wrapped_app
    |     raise exc
    |   File "/Users/elywright/Desktop/geocentric-main/.venv/lib/python3.9/site-packages/starlette/_exception_handler.py", line 42, in wrapped_app
    |     await app(scope, receive, sender)
    |   File "/Users/elywright/Desktop/geocentric-main/.venv/lib/python3.9/site-packages/fastapi/middleware/asyncexitstack.py", line 18, in __call__
    |     await self.app(scope, receive, send)
    |   File "/Users/elywright/Desktop/geocentric-main/.venv/lib/python3.9/site-packages/starlette/routing.py", line 716, in __call__
    |     await self.middleware_stack(scope, receive, send)
    |   File "/Users/elywright/Desktop/geocentric-main/.venv/lib/python3.9/site-packages/starlette/routing.py", line 736, in app
    |     await route.handle(scope, receive, send)
    |   File "/Users/elywright/Desktop/geocentric-main/.venv/lib/python3.9/site-packages/starlette/routing.py", line 290, in handle
    |     await self.app(scope, receive, send)
    |   File "/Users/elywright/Desktop/geocentric-main/.venv/lib/python3.9/site-packages/fastapi/routing.py", line 121, in app
    |     await wrap_app_handling_exceptions(app, request)(scope, receive, send)
    |   File "/Users/elywright/Desktop/geocentric-main/.venv/lib/python3.9/site-packages/starlette/_exception_handler.py", line 53, in wrapped_app
    |     raise exc
    |   File "/Users/elywright/Desktop/geocentric-main/.venv/lib/python3.9/site-packages/starlette/_exception_handler.py", line 42, in wrapped_app
    |     await app(scope, receive, sender)
    |   File "/Users/elywright/Desktop/geocentric-main/.venv/lib/python3.9/site-packages/fastapi/routing.py", line 108, in app
    |     await response(scope, receive, send)
    |   File "/Users/elywright/Desktop/geocentric-main/.venv/lib/python3.9/site-packages/starlette/responses.py", line 277, in __call__
    |     await wrap(partial(self.listen_for_disconnect, receive))
    |   File "/Library/Developer/CommandLineTools/Library/Frameworks/Python3.framework/Versions/3.9/lib/python3.9/contextlib.py", line 135, in __exit__
    |     self.gen.throw(type, value, traceback)
    |   File "/Users/elywright/Desktop/geocentric-main/.venv/lib/python3.9/site-packages/starlette/_utils.py", line 85, in collapse_excgroups
    |     raise exc
    |   File "/Users/elywright/Desktop/geocentric-main/.venv/lib/python3.9/site-packages/starlette/responses.py", line 273, in wrap
    |     await func()
    |   File "/Users/elywright/Desktop/geocentric-main/.venv/lib/python3.9/site-packages/starlette/responses.py", line 253, in stream_response
    |     async for chunk in self.body_iterator:
    |   File "/Users/elywright/Desktop/geocentric-main/geocentric/server.py", line 5477, in event_stream_ollama
    |     usage_payload = build_usage_payload(max(1, len(prompt) // 4), max(1, len(accumulated) // 4))
    | NameError: free variable 'prompt' referenced before assignment in enclosing scope
    +------------------------------------

During handling of the above exception, another exception occurred:

Traceback (most recent call last):
  File "/Users/elywright/Desktop/geocentric-main/.venv/lib/python3.9/site-packages/uvicorn/protocols/http/httptools_impl.py", line 415, in run_asgi
    result = await app(  # type: ignore[func-returns-value]
  File "/Users/elywright/Desktop/geocentric-main/.venv/lib/python3.9/site-packages/uvicorn/middleware/proxy_headers.py", line 60, in __call__
    return await self.app(scope, receive, send)
  File "/Users/elywright/Desktop/geocentric-main/.venv/lib/python3.9/site-packages/fastapi/applications.py", line 1138, in __call__
    await super().__call__(scope, receive, send)
  File "/Users/elywright/Desktop/geocentric-main/.venv/lib/python3.9/site-packages/starlette/applications.py", line 113, in __call__
    await self.middleware_stack(scope, receive, send)
  File "/Users/elywright/Desktop/geocentric-main/.venv/lib/python3.9/site-packages/starlette/middleware/errors.py", line 186, in __call__
    raise exc
  File "/Users/elywright/Desktop/geocentric-main/.venv/lib/python3.9/site-packages/starlette/middleware/errors.py", line 164, in __call__
    await self.app(scope, receive, _send)
  File "/Users/elywright/Desktop/geocentric-main/.venv/lib/python3.9/site-packages/starlette/middleware/cors.py", line 85, in __call__
    await self.app(scope, receive, send)
  File "/Users/elywright/Desktop/geocentric-main/.venv/lib/python3.9/site-packages/starlette/middleware/exceptions.py", line 63, in __call__
    await wrap_app_handling_exceptions(self.app, conn)(scope, receive, send)
  File "/Users/elywright/Desktop/geocentric-main/.venv/lib/python3.9/site-packages/starlette/_exception_handler.py", line 53, in wrapped_app
    raise exc
  File "/Users/elywright/Desktop/geocentric-main/.venv/lib/python3.9/site-packages/starlette/_exception_handler.py", line 42, in wrapped_app
    await app(scope, receive, sender)
  File "/Users/elywright/Desktop/geocentric-main/.venv/lib/python3.9/site-packages/fastapi/middleware/asyncexitstack.py", line 18, in __call__
    await self.app(scope, receive, send)
  File "/Users/elywright/Desktop/geocentric-main/.venv/lib/python3.9/site-packages/starlette/routing.py", line 716, in __call__
    await self.middleware_stack(scope, receive, send)
  File "/Users/elywright/Desktop/geocentric-main/.venv/lib/python3.9/site-packages/starlette/routing.py", line 736, in app
    await route.handle(scope, receive, send)
  File "/Users/elywright/Desktop/geocentric-main/.venv/lib/python3.9/site-packages/starlette/routing.py", line 290, in handle
    await self.app(scope, receive, send)
  File "/Users/elywright/Desktop/geocentric-main/.venv/lib/python3.9/site-packages/fastapi/routing.py", line 121, in app
    await wrap_app_handling_exceptions(app, request)(scope, receive, send)
  File "/Users/elywright/Desktop/geocentric-main/.venv/lib/python3.9/site-packages/starlette/_exception_handler.py", line 53, in wrapped_app
    raise exc
  File "/Users/elywright/Desktop/geocentric-main/.venv/lib/python3.9/site-packages/starlette/_exception_handler.py", line 42, in wrapped_app
    await app(scope, receive, sender)
  File "/Users/elywright/Desktop/geocentric-main/.venv/lib/python3.9/site-packages/fastapi/routing.py", line 108, in app
    await response(scope, receive, send)
  File "/Users/elywright/Desktop/geocentric-main/.venv/lib/python3.9/site-packages/starlette/responses.py", line 277, in __call__
    await wrap(partial(self.listen_for_disconnect, receive))
  File "/Library/Developer/CommandLineTools/Library/Frameworks/Python3.framework/Versions/3.9/lib/python3.9/contextlib.py", line 135, in __exit__
    self.gen.throw(type, value, traceback)
  File "/Users/elywright/Desktop/geocentric-main/.venv/lib/python3.9/site-packages/starlette/_utils.py", line 85, in collapse_excgroups
    raise exc
  File "/Users/elywright/Desktop/geocentric-main/.venv/lib/python3.9/site-packages/starlette/responses.py", line 273, in wrap
    await func()
  File "/Users/elywright/Desktop/geocentric-main/.venv/lib/python3.9/site-packages/starlette/responses.py", line 253, in stream_response
    async for chunk in self.body_iterator:
  File "/Users/elywright/Desktop/geocentric-main/geocentric/server.py", line 5477, in event_stream_ollama
    usage_payload = build_usage_payload(max(1, len(prompt) // 4), max(1, len(accumulated) // 4))
NameError: free variable 'prompt' referenced before assignment in enclosing scope

ERROR:    Exception in ASGI application
  + Exception Group Traceback (most recent call last):
  |   File "/Users/elywright/Desktop/geocentric-main/.venv/lib/python3.9/site-packages/starlette/_utils.py", line 79, in collapse_excgroups
  |     yield
  |   File "/Users/elywright/Desktop/geocentric-main/.venv/lib/python3.9/site-packages/starlette/responses.py", line 277, in __call__
  |     await wrap(partial(self.listen_for_disconnect, receive))
  |   File "/Users/elywright/Desktop/geocentric-main/.venv/lib/python3.9/site-packages/anyio/_backends/_asyncio.py", line 783, in __aexit__
  |     raise BaseExceptionGroup(
  | exceptiongroup.ExceptionGroup: unhandled errors in a TaskGroup (1 sub-exception)
  +-+---------------- 1 ----------------
    | Traceback (most recent call last):
    |   File "/Users/elywright/Desktop/geocentric-main/.venv/lib/python3.9/site-packages/uvicorn/protocols/http/httptools_impl.py", line 415, in run_asgi
    |     result = await app(  # type: ignore[func-returns-value]
    |   File "/Users/elywright/Desktop/geocentric-main/.venv/lib/python3.9/site-packages/uvicorn/middleware/proxy_headers.py", line 60, in __call__
    |     return await self.app(scope, receive, send)
    |   File "/Users/elywright/Desktop/geocentric-main/.venv/lib/python3.9/site-packages/fastapi/applications.py", line 1138, in __call__
    |     await super().__call__(scope, receive, send)
    |   File "/Users/elywright/Desktop/geocentric-main/.venv/lib/python3.9/site-packages/starlette/applications.py", line 113, in __call__
    |     await self.middleware_stack(scope, receive, send)
    |   File "/Users/elywright/Desktop/geocentric-main/.venv/lib/python3.9/site-packages/starlette/middleware/errors.py", line 186, in __call__
    |     raise exc
    |   File "/Users/elywright/Desktop/geocentric-main/.venv/lib/python3.9/site-packages/starlette/middleware/errors.py", line 164, in __call__
    |     await self.app(scope, receive, _send)
    |   File "/Users/elywright/Desktop/geocentric-main/.venv/lib/python3.9/site-packages/starlette/middleware/cors.py", line 85, in __call__
    |     await self.app(scope, receive, send)
    |   File "/Users/elywright/Desktop/geocentric-main/.venv/lib/python3.9/site-packages/starlette/middleware/exceptions.py", line 63, in __call__
    |     await wrap_app_handling_exceptions(self.app, conn)(scope, receive, send)
    |   File "/Users/elywright/Desktop/geocentric-main/.venv/lib/python3.9/site-packages/starlette/_exception_handler.py", line 53, in wrapped_app
    |     raise exc
    |   File "/Users/elywright/Desktop/geocentric-main/.venv/lib/python3.9/site-packages/starlette/_exception_handler.py", line 42, in wrapped_app
    |     await app(scope, receive, sender)
    |   File "/Users/elywright/Desktop/geocentric-main/.venv/lib/python3.9/site-packages/fastapi/middleware/asyncexitstack.py", line 18, in __call__
    |     await self.app(scope, receive, send)
    |   File "/Users/elywright/Desktop/geocentric-main/.venv/lib/python3.9/site-packages/starlette/routing.py", line 716, in __call__
    |     await self.middleware_stack(scope, receive, send)
    |   File "/Users/elywright/Desktop/geocentric-main/.venv/lib/python3.9/site-packages/starlette/routing.py", line 736, in app
    |     await route.handle(scope, receive, send)
    |   File "/Users/elywright/Desktop/geocentric-main/.venv/lib/python3.9/site-packages/starlette/routing.py", line 290, in handle
    |     await self.app(scope, receive, send)
    |   File "/Users/elywright/Desktop/geocentric-main/.venv/lib/python3.9/site-packages/fastapi/routing.py", line 121, in app
    |     await wrap_app_handling_exceptions(app, request)(scope, receive, send)
    |   File "/Users/elywright/Desktop/geocentric-main/.venv/lib/python3.9/site-packages/starlette/_exception_handler.py", line 53, in wrapped_app
    |     raise exc
    |   File "/Users/elywright/Desktop/geocentric-main/.venv/lib/python3.9/site-packages/starlette/_exception_handler.py", line 42, in wrapped_app
    |     await app(scope, receive, sender)
    |   File "/Users/elywright/Desktop/geocentric-main/.venv/lib/python3.9/site-packages/fastapi/routing.py", line 108, in app
    |     await response(scope, receive, send)
    |   File "/Users/elywright/Desktop/geocentric-main/.venv/lib/python3.9/site-packages/starlette/responses.py", line 277, in __call__
    |     await wrap(partial(self.listen_for_disconnect, receive))
    |   File "/Library/Developer/CommandLineTools/Library/Frameworks/Python3.framework/Versions/3.9/lib/python3.9/contextlib.py", line 135, in __exit__
    |     self.gen.throw(type, value, traceback)
    |   File "/Users/elywright/Desktop/geocentric-main/.venv/lib/python3.9/site-packages/starlette/_utils.py", line 85, in collapse_excgroups
    |     raise exc
    |   File "/Users/elywright/Desktop/geocentric-main/.venv/lib/python3.9/site-packages/starlette/responses.py", line 273, in wrap
    |     await func()
    |   File "/Users/elywright/Desktop/geocentric-main/.venv/lib/python3.9/site-packages/starlette/responses.py", line 253, in stream_response
    |     async for chunk in self.body_iterator:
    |   File "/Users/elywright/Desktop/geocentric-main/geocentric/server.py", line 5477, in event_stream_ollama
    |     usage_payload = build_usage_payload(max(1, len(prompt) // 4), max(1, len(accumulated) // 4))
    | NameError: free variable 'prompt' referenced before assignment in enclosing scope
    +------------------------------------

During handling of the above exception, another exception occurred:

Traceback (most recent call last):
  File "/Users/elywright/Desktop/geocentric-main/.venv/lib/python3.9/site-packages/uvicorn/protocols/http/httptools_impl.py", line 415, in run_asgi
    result = await app(  # type: ignore[func-returns-value]
  File "/Users/elywright/Desktop/geocentric-main/.venv/lib/python3.9/site-packages/uvicorn/middleware/proxy_headers.py", line 60, in __call__
    return await self.app(scope, receive, send)
  File "/Users/elywright/Desktop/geocentric-main/.venv/lib/python3.9/site-packages/fastapi/applications.py", line 1138, in __call__
    await super().__call__(scope, receive, send)
  File "/Users/elywright/Desktop/geocentric-main/.venv/lib/python3.9/site-packages/starlette/applications.py", line 113, in __call__
    await self.middleware_stack(scope, receive, send)
  File "/Users/elywright/Desktop/geocentric-main/.venv/lib/python3.9/site-packages/starlette/middleware/errors.py", line 186, in __call__
    raise exc
  File "/Users/elywright/Desktop/geocentric-main/.venv/lib/python3.9/site-packages/starlette/middleware/errors.py", line 164, in __call__
    await self.app(scope, receive, _send)
  File "/Users/elywright/Desktop/geocentric-main/.venv/lib/python3.9/site-packages/starlette/middleware/cors.py", line 85, in __call__
    await self.app(scope, receive, send)
  File "/Users/elywright/Desktop/geocentric-main/.venv/lib/python3.9/site-packages/starlette/middleware/exceptions.py", line 63, in __call__
    await wrap_app_handling_exceptions(self.app, conn)(scope, receive, send)
  File "/Users/elywright/Desktop/geocentric-main/.venv/lib/python3.9/site-packages/starlette/_exception_handler.py", line 53, in wrapped_app
    raise exc
  File "/Users/elywright/Desktop/geocentric-main/.venv/lib/python3.9/site-packages/starlette/_exception_handler.py", line 42, in wrapped_app
    await app(scope, receive, sender)
  File "/Users/elywright/Desktop/geocentric-main/.venv/lib/python3.9/site-packages/fastapi/middleware/asyncexitstack.py", line 18, in __call__
    await self.app(scope, receive, send)
  File "/Users/elywright/Desktop/geocentric-main/.venv/lib/python3.9/site-packages/starlette/routing.py", line 716, in __call__
    await self.middleware_stack(scope, receive, send)
  File "/Users/elywright/Desktop/geocentric-main/.venv/lib/python3.9/site-packages/starlette/routing.py", line 736, in app
    await route.handle(scope, receive, send)
  File "/Users/elywright/Desktop/geocentric-main/.venv/lib/python3.9/site-packages/starlette/routing.py", line 290, in handle
    await self.app(scope, receive, send)
  File "/Users/elywright/Desktop/geocentric-main/.venv/lib/python3.9/site-packages/fastapi/routing.py", line 121, in app
    await wrap_app_handling_exceptions(app, request)(scope, receive, send)
  File "/Users/elywright/Desktop/geocentric-main/.venv/lib/python3.9/site-packages/starlette/_exception_handler.py", line 53, in wrapped_app
    raise exc
  File "/Users/elywright/Desktop/geocentric-main/.venv/lib/python3.9/site-packages/starlette/_exception_handler.py", line 42, in wrapped_app
    await app(scope, receive, sender)
  File "/Users/elywright/Desktop/geocentric-main/.venv/lib/python3.9/site-packages/fastapi/routing.py", line 108, in app
    await response(scope, receive, send)
  File "/Users/elywright/Desktop/geocentric-main/.venv/lib/python3.9/site-packages/starlette/responses.py", line 277, in __call__
    await wrap(partial(self.listen_for_disconnect, receive))
  File "/Library/Developer/CommandLineTools/Library/Frameworks/Python3.framework/Versions/3.9/lib/python3.9/contextlib.py", line 135, in __exit__
    self.gen.throw(type, value, traceback)
  File "/Users/elywright/Desktop/geocentric-main/.venv/lib/python3.9/site-packages/starlette/_utils.py", line 85, in collapse_excgroups
    raise exc
  File "/Users/elywright/Desktop/geocentric-main/.venv/lib/python3.9/site-packages/starlette/responses.py", line 273, in wrap
    await func()
  File "/Users/elywright/Desktop/geocentric-main/.venv/lib/python3.9/site-packages/starlette/responses.py", line 253, in stream_response
    async for chunk in self.body_iterator:
  File "/Users/elywright/Desktop/geocentric-main/geocentric/server.py", line 5477, in event_stream_ollama
    usage_payload = build_usage_payload(max(1, len(prompt) // 4), max(1, len(accumulated) // 4))
NameError: free variable 'prompt' referenced before assignment in enclosing scope
INFO:     Shutting down
INFO:     Waiting for application shutdown.
INFO:     Application shutdown complete.
INFO:     Finished server process [34409]
/Users/elywright/Desktop/geocentric-main/.venv/lib/python3.9/site-packages/urllib3/__init__.py:35: NotOpenSSLWarning: urllib3 v2 only supports OpenSSL 1.1.1+, currently the 'ssl' module is compiled with 'LibreSSL 2.8.3'. See: https://github.com/urllib3/urllib3/issues/3020
  warnings.warn(
================================================================================
  STEP 1: SELECT THE PRIMARY MODEL TO RUN ON HOSTING (MAIN CHAT FALLBACK)
  (Note: You will select specialized Thinking and Instant models in the next steps!)
================================================================================
  [1] [OLLAMA] gemma4-agent:latest
  [2] [OLLAMA] gemma4-fast:latest
  [3] [OLLAMA] gemma4:12b-mlx
  [4] [OLLAMA] gemma4:latest
  [5] [OLLAMA] igorls/gemma-4-12B-it-heretic-GGUF:latest
  [6] [OLLAMA] qwen:latest
================================================================================
  -> Selected model to run: gemma4-agent:latest
================================================================================
  -> Thinking model configured: gemma4-agent:latest
  -> Instant model configured: gemma4:12b-mlx
================================================================================

================================================================================
Geocentric 2.1 runtime check
================================================================================
Platform: macOS-27.0-arm64-arm-64bit
Python: 3.9.6
PyTorch: 2.7.1
MPS built: True
MPS available: True
CUDA available: False
Selected device: mps
Selected dtype: torch.bfloat16
System memory total: 16.00 GB
System memory available: 9.44 GB
MPS probe mean: 8.0000
Mac GPU communication: OK
================================================================================
⏳ Cron Prompt Scheduler started.
================================================================================
  GEOCENTRIC 2.1 WEB SERVER OPERATIONAL
================================================================================
  - Local host access:   http://localhost:8000
  - Network device access: http://192.168.1.30:8000
  - Public tunnel URL:   requesting...
================================================================================
INFO:     Started server process [35038]
INFO:     Waiting for application startup.
INFO:     Application startup complete.
INFO:     Uvicorn running on http://0.0.0.0:8000 (Press CTRL+C to quit)
  - Public tunnel URL:   https://cyan-hornets-divide.loca.lt

ERROR:    Exception in ASGI application
  + Exception Group Traceback (most recent call last):
  |   File "/Users/elywright/Desktop/geocentric-main/.venv/lib/python3.9/site-packages/starlette/_utils.py", line 79, in collapse_excgroups
  |     yield
  |   File "/Users/elywright/Desktop/geocentric-main/.venv/lib/python3.9/site-packages/starlette/responses.py", line 277, in __call__
  |     await wrap(partial(self.listen_for_disconnect, receive))
  |   File "/Users/elywright/Desktop/geocentric-main/.venv/lib/python3.9/site-packages/anyio/_backends/_asyncio.py", line 783, in __aexit__
  |     raise BaseExceptionGroup(
  | exceptiongroup.ExceptionGroup: unhandled errors in a TaskGroup (1 sub-exception)
  +-+---------------- 1 ----------------
    | Traceback (most recent call last):
    |   File "/Users/elywright/Desktop/geocentric-main/.venv/lib/python3.9/site-packages/uvicorn/protocols/http/httptools_impl.py", line 415, in run_asgi
    |     result = await app(  # type: ignore[func-returns-value]
    |   File "/Users/elywright/Desktop/geocentric-main/.venv/lib/python3.9/site-packages/uvicorn/middleware/proxy_headers.py", line 60, in __call__
    |     return await self.app(scope, receive, send)
    |   File "/Users/elywright/Desktop/geocentric-main/.venv/lib/python3.9/site-packages/fastapi/applications.py", line 1138, in __call__
    |     await super().__call__(scope, receive, send)
    |   File "/Users/elywright/Desktop/geocentric-main/.venv/lib/python3.9/site-packages/starlette/applications.py", line 113, in __call__
    |     await self.middleware_stack(scope, receive, send)
    |   File "/Users/elywright/Desktop/geocentric-main/.venv/lib/python3.9/site-packages/starlette/middleware/errors.py", line 186, in __call__
    |     raise exc
    |   File "/Users/elywright/Desktop/geocentric-main/.venv/lib/python3.9/site-packages/starlette/middleware/errors.py", line 164, in __call__
    |     await self.app(scope, receive, _send)
    |   File "/Users/elywright/Desktop/geocentric-main/.venv/lib/python3.9/site-packages/starlette/middleware/cors.py", line 85, in __call__
    |     await self.app(scope, receive, send)
    |   File "/Users/elywright/Desktop/geocentric-main/.venv/lib/python3.9/site-packages/starlette/middleware/exceptions.py", line 63, in __call__
    |     await wrap_app_handling_exceptions(self.app, conn)(scope, receive, send)
    |   File "/Users/elywright/Desktop/geocentric-main/.venv/lib/python3.9/site-packages/starlette/_exception_handler.py", line 53, in wrapped_app
    |     raise exc
    |   File "/Users/elywright/Desktop/geocentric-main/.venv/lib/python3.9/site-packages/starlette/_exception_handler.py", line 42, in wrapped_app
    |     await app(scope, receive, sender)
    |   File "/Users/elywright/Desktop/geocentric-main/.venv/lib/python3.9/site-packages/fastapi/middleware/asyncexitstack.py", line 18, in __call__
    |     await self.app(scope, receive, send)
    |   File "/Users/elywright/Desktop/geocentric-main/.venv/lib/python3.9/site-packages/starlette/routing.py", line 716, in __call__
    |     await self.middleware_stack(scope, receive, send)
    |   File "/Users/elywright/Desktop/geocentric-main/.venv/lib/python3.9/site-packages/starlette/routing.py", line 736, in app
    |     await route.handle(scope, receive, send)
    |   File "/Users/elywright/Desktop/geocentric-main/.venv/lib/python3.9/site-packages/starlette/routing.py", line 290, in handle
    |     await self.app(scope, receive, send)
    |   File "/Users/elywright/Desktop/geocentric-main/.venv/lib/python3.9/site-packages/fastapi/routing.py", line 121, in app
    |     await wrap_app_handling_exceptions(app, request)(scope, receive, send)
    |   File "/Users/elywright/Desktop/geocentric-main/.venv/lib/python3.9/site-packages/starlette/_exception_handler.py", line 53, in wrapped_app
    |     raise exc
    |   File "/Users/elywright/Desktop/geocentric-main/.venv/lib/python3.9/site-packages/starlette/_exception_handler.py", line 42, in wrapped_app
    |     await app(scope, receive, sender)
    |   File "/Users/elywright/Desktop/geocentric-main/.venv/lib/python3.9/site-packages/fastapi/routing.py", line 108, in app
    |     await response(scope, receive, send)
    |   File "/Users/elywright/Desktop/geocentric-main/.venv/lib/python3.9/site-packages/starlette/responses.py", line 277, in __call__
    |     await wrap(partial(self.listen_for_disconnect, receive))
    |   File "/Library/Developer/CommandLineTools/Library/Frameworks/Python3.framework/Versions/3.9/lib/python3.9/contextlib.py", line 135, in __exit__
    |     self.gen.throw(type, value, traceback)
    |   File "/Users/elywright/Desktop/geocentric-main/.venv/lib/python3.9/site-packages/starlette/_utils.py", line 85, in collapse_excgroups
    |     raise exc
    |   File "/Users/elywright/Desktop/geocentric-main/.venv/lib/python3.9/site-packages/starlette/responses.py", line 273, in wrap
    |     await func()
    |   File "/Users/elywright/Desktop/geocentric-main/.venv/lib/python3.9/site-packages/starlette/responses.py", line 253, in stream_response
    |     async for chunk in self.body_iterator:
    |   File "/Users/elywright/Desktop/geocentric-main/geocentric/server.py", line 5487, in event_stream_ollama
    |     usage_payload = build_usage_payload(max(1, len(prompt) // 4), max(1, len(accumulated) // 4))
    | NameError: free variable 'prompt' referenced before assignment in enclosing scope
    +------------------------------------

During handling of the above exception, another exception occurred:

Traceback (most recent call last):
  File "/Users/elywright/Desktop/geocentric-main/.venv/lib/python3.9/site-packages/uvicorn/protocols/http/httptools_impl.py", line 415, in run_asgi
    result = await app(  # type: ignore[func-returns-value]
  File "/Users/elywright/Desktop/geocentric-main/.venv/lib/python3.9/site-packages/uvicorn/middleware/proxy_headers.py", line 60, in __call__
    return await self.app(scope, receive, send)
  File "/Users/elywright/Desktop/geocentric-main/.venv/lib/python3.9/site-packages/fastapi/applications.py", line 1138, in __call__
    await super().__call__(scope, receive, send)
  File "/Users/elywright/Desktop/geocentric-main/.venv/lib/python3.9/site-packages/starlette/applications.py", line 113, in __call__
    await self.middleware_stack(scope, receive, send)
  File "/Users/elywright/Desktop/geocentric-main/.venv/lib/python3.9/site-packages/starlette/middleware/errors.py", line 186, in __call__
    raise exc
  File "/Users/elywright/Desktop/geocentric-main/.venv/lib/python3.9/site-packages/starlette/middleware/errors.py", line 164, in __call__
    await self.app(scope, receive, _send)
  File "/Users/elywright/Desktop/geocentric-main/.venv/lib/python3.9/site-packages/starlette/middleware/cors.py", line 85, in __call__
    await self.app(scope, receive, send)
  File "/Users/elywright/Desktop/geocentric-main/.venv/lib/python3.9/site-packages/starlette/middleware/exceptions.py", line 63, in __call__
    await wrap_app_handling_exceptions(self.app, conn)(scope, receive, send)
  File "/Users/elywright/Desktop/geocentric-main/.venv/lib/python3.9/site-packages/starlette/_exception_handler.py", line 53, in wrapped_app
    raise exc
  File "/Users/elywright/Desktop/geocentric-main/.venv/lib/python3.9/site-packages/starlette/_exception_handler.py", line 42, in wrapped_app
    await app(scope, receive, sender)
  File "/Users/elywright/Desktop/geocentric-main/.venv/lib/python3.9/site-packages/fastapi/middleware/asyncexitstack.py", line 18, in __call__
    await self.app(scope, receive, send)
  File "/Users/elywright/Desktop/geocentric-main/.venv/lib/python3.9/site-packages/starlette/routing.py", line 716, in __call__
    await self.middleware_stack(scope, receive, send)
  File "/Users/elywright/Desktop/geocentric-main/.venv/lib/python3.9/site-packages/starlette/routing.py", line 736, in app
    await route.handle(scope, receive, send)
  File "/Users/elywright/Desktop/geocentric-main/.venv/lib/python3.9/site-packages/starlette/routing.py", line 290, in handle
    await self.app(scope, receive, send)
  File "/Users/elywright/Desktop/geocentric-main/.venv/lib/python3.9/site-packages/fastapi/routing.py", line 121, in app
    await wrap_app_handling_exceptions(app, request)(scope, receive, send)
  File "/Users/elywright/Desktop/geocentric-main/.venv/lib/python3.9/site-packages/starlette/_exception_handler.py", line 53, in wrapped_app
    raise exc
  File "/Users/elywright/Desktop/geocentric-main/.venv/lib/python3.9/site-packages/starlette/_exception_handler.py", line 42, in wrapped_app
    await app(scope, receive, sender)
  File "/Users/elywright/Desktop/geocentric-main/.venv/lib/python3.9/site-packages/fastapi/routing.py", line 108, in app
    await response(scope, receive, send)
  File "/Users/elywright/Desktop/geocentric-main/.venv/lib/python3.9/site-packages/starlette/responses.py", line 277, in __call__
    await wrap(partial(self.listen_for_disconnect, receive))
  File "/Library/Developer/CommandLineTools/Library/Frameworks/Python3.framework/Versions/3.9/lib/python3.9/contextlib.py", line 135, in __exit__
    self.gen.throw(type, value, traceback)
  File "/Users/elywright/Desktop/geocentric-main/.venv/lib/python3.9/site-packages/starlette/_utils.py", line 85, in collapse_excgroups
    raise exc
  File "/Users/elywright/Desktop/geocentric-main/.venv/lib/python3.9/site-packages/starlette/responses.py", line 273, in wrap
    await func()
  File "/Users/elywright/Desktop/geocentric-main/.venv/lib/python3.9/site-packages/starlette/responses.py", line 253, in stream_response
    async for chunk in self.body_iterator:
  File "/Users/elywright/Desktop/geocentric-main/geocentric/server.py", line 5487, in event_stream_ollama
    usage_payload = build_usage_payload(max(1, len(prompt) // 4), max(1, len(accumulated) // 4))
NameError: free variable 'prompt' referenced before assignment in enclosing scope

ERROR:    Exception in ASGI application
  + Exception Group Traceback (most recent call last):
  |   File "/Users/elywright/Desktop/geocentric-main/.venv/lib/python3.9/site-packages/starlette/_utils.py", line 79, in collapse_excgroups
  |     yield
  |   File "/Users/elywright/Desktop/geocentric-main/.venv/lib/python3.9/site-packages/starlette/responses.py", line 277, in __call__
  |     await wrap(partial(self.listen_for_disconnect, receive))
  |   File "/Users/elywright/Desktop/geocentric-main/.venv/lib/python3.9/site-packages/anyio/_backends/_asyncio.py", line 783, in __aexit__
  |     raise BaseExceptionGroup(
  | exceptiongroup.ExceptionGroup: unhandled errors in a TaskGroup (1 sub-exception)
  +-+---------------- 1 ----------------
    | Traceback (most recent call last):
    |   File "/Users/elywright/Desktop/geocentric-main/.venv/lib/python3.9/site-packages/uvicorn/protocols/http/httptools_impl.py", line 415, in run_asgi
    |     result = await app(  # type: ignore[func-returns-value]
    |   File "/Users/elywright/Desktop/geocentric-main/.venv/lib/python3.9/site-packages/uvicorn/middleware/proxy_headers.py", line 60, in __call__
    |     return await self.app(scope, receive, send)
    |   File "/Users/elywright/Desktop/geocentric-main/.venv/lib/python3.9/site-packages/fastapi/applications.py", line 1138, in __call__
    |     await super().__call__(scope, receive, send)
    |   File "/Users/elywright/Desktop/geocentric-main/.venv/lib/python3.9/site-packages/starlette/applications.py", line 113, in __call__
    |     await self.middleware_stack(scope, receive, send)
    |   File "/Users/elywright/Desktop/geocentric-main/.venv/lib/python3.9/site-packages/starlette/middleware/errors.py", line 186, in __call__
    |     raise exc
    |   File "/Users/elywright/Desktop/geocentric-main/.venv/lib/python3.9/site-packages/starlette/middleware/errors.py", line 164, in __call__
    |     await self.app(scope, receive, _send)
    |   File "/Users/elywright/Desktop/geocentric-main/.venv/lib/python3.9/site-packages/starlette/middleware/cors.py", line 85, in __call__
    |     await self.app(scope, receive, send)
    |   File "/Users/elywright/Desktop/geocentric-main/.venv/lib/python3.9/site-packages/starlette/middleware/exceptions.py", line 63, in __call__
    |     await wrap_app_handling_exceptions(self.app, conn)(scope, receive, send)
    |   File "/Users/elywright/Desktop/geocentric-main/.venv/lib/python3.9/site-packages/starlette/_exception_handler.py", line 53, in wrapped_app
    |     raise exc
    |   File "/Users/elywright/Desktop/geocentric-main/.venv/lib/python3.9/site-packages/starlette/_exception_handler.py", line 42, in wrapped_app
    |     await app(scope, receive, sender)
    |   File "/Users/elywright/Desktop/geocentric-main/.venv/lib/python3.9/site-packages/fastapi/middleware/asyncexitstack.py", line 18, in __call__
    |     await self.app(scope, receive, send)
    |   File "/Users/elywright/Desktop/geocentric-main/.venv/lib/python3.9/site-packages/starlette/routing.py", line 716, in __call__
    |     await self.middleware_stack(scope, receive, send)
    |   File "/Users/elywright/Desktop/geocentric-main/.venv/lib/python3.9/site-packages/starlette/routing.py", line 736, in app
    |     await route.handle(scope, receive, send)
    |   File "/Users/elywright/Desktop/geocentric-main/.venv/lib/python3.9/site-packages/starlette/routing.py", line 290, in handle
    |     await self.app(scope, receive, send)
    |   File "/Users/elywright/Desktop/geocentric-main/.venv/lib/python3.9/site-packages/fastapi/routing.py", line 121, in app
    |     await wrap_app_handling_exceptions(app, request)(scope, receive, send)
    |   File "/Users/elywright/Desktop/geocentric-main/.venv/lib/python3.9/site-packages/starlette/_exception_handler.py", line 53, in wrapped_app
    |     raise exc
    |   File "/Users/elywright/Desktop/geocentric-main/.venv/lib/python3.9/site-packages/starlette/_exception_handler.py", line 42, in wrapped_app
    |     await app(scope, receive, sender)
    |   File "/Users/elywright/Desktop/geocentric-main/.venv/lib/python3.9/site-packages/fastapi/routing.py", line 108, in app
    |     await response(scope, receive, send)
    |   File "/Users/elywright/Desktop/geocentric-main/.venv/lib/python3.9/site-packages/starlette/responses.py", line 277, in __call__
    |     await wrap(partial(self.listen_for_disconnect, receive))
    |   File "/Library/Developer/CommandLineTools/Library/Frameworks/Python3.framework/Versions/3.9/lib/python3.9/contextlib.py", line 135, in __exit__
    |     self.gen.throw(type, value, traceback)
    |   File "/Users/elywright/Desktop/geocentric-main/.venv/lib/python3.9/site-packages/starlette/_utils.py", line 85, in collapse_excgroups
    |     raise exc
    |   File "/Users/elywright/Desktop/geocentric-main/.venv/lib/python3.9/site-packages/starlette/responses.py", line 273, in wrap
    |     await func()
    |   File "/Users/elywright/Desktop/geocentric-main/.venv/lib/python3.9/site-packages/starlette/responses.py", line 253, in stream_response
    |     async for chunk in self.body_iterator:
    |   File "/Users/elywright/Desktop/geocentric-main/geocentric/server.py", line 5487, in event_stream_ollama
    |     usage_payload = build_usage_payload(max(1, len(prompt) // 4), max(1, len(accumulated) // 4))
    | NameError: free variable 'prompt' referenced before assignment in enclosing scope
    +------------------------------------

During handling of the above exception, another exception occurred:

Traceback (most recent call last):
  File "/Users/elywright/Desktop/geocentric-main/.venv/lib/python3.9/site-packages/uvicorn/protocols/http/httptools_impl.py", line 415, in run_asgi
    result = await app(  # type: ignore[func-returns-value]
  File "/Users/elywright/Desktop/geocentric-main/.venv/lib/python3.9/site-packages/uvicorn/middleware/proxy_headers.py", line 60, in __call__
    return await self.app(scope, receive, send)
  File "/Users/elywright/Desktop/geocentric-main/.venv/lib/python3.9/site-packages/fastapi/applications.py", line 1138, in __call__
    await super().__call__(scope, receive, send)
  File "/Users/elywright/Desktop/geocentric-main/.venv/lib/python3.9/site-packages/starlette/applications.py", line 113, in __call__
    await self.middleware_stack(scope, receive, send)
  File "/Users/elywright/Desktop/geocentric-main/.venv/lib/python3.9/site-packages/starlette/middleware/errors.py", line 186, in __call__
    raise exc
  File "/Users/elywright/Desktop/geocentric-main/.venv/lib/python3.9/site-packages/starlette/middleware/errors.py", line 164, in __call__
    await self.app(scope, receive, _send)
  File "/Users/elywright/Desktop/geocentric-main/.venv/lib/python3.9/site-packages/starlette/middleware/cors.py", line 85, in __call__
    await self.app(scope, receive, send)
  File "/Users/elywright/Desktop/geocentric-main/.venv/lib/python3.9/site-packages/starlette/middleware/exceptions.py", line 63, in __call__
    await wrap_app_handling_exceptions(self.app, conn)(scope, receive, send)
  File "/Users/elywright/Desktop/geocentric-main/.venv/lib/python3.9/site-packages/starlette/_exception_handler.py", line 53, in wrapped_app
    raise exc
  File "/Users/elywright/Desktop/geocentric-main/.venv/lib/python3.9/site-packages/starlette/_exception_handler.py", line 42, in wrapped_app
    await app(scope, receive, sender)
  File "/Users/elywright/Desktop/geocentric-main/.venv/lib/python3.9/site-packages/fastapi/middleware/asyncexitstack.py", line 18, in __call__
    await self.app(scope, receive, send)
  File "/Users/elywright/Desktop/geocentric-main/.venv/lib/python3.9/site-packages/starlette/routing.py", line 716, in __call__
    await self.middleware_stack(scope, receive, send)
  File "/Users/elywright/Desktop/geocentric-main/.venv/lib/python3.9/site-packages/starlette/routing.py", line 736, in app
    await route.handle(scope, receive, send)
  File "/Users/elywright/Desktop/geocentric-main/.venv/lib/python3.9/site-packages/starlette/routing.py", line 290, in handle
    await self.app(scope, receive, send)
  File "/Users/elywright/Desktop/geocentric-main/.venv/lib/python3.9/site-packages/fastapi/routing.py", line 121, in app
    await wrap_app_handling_exceptions(app, request)(scope, receive, send)
  File "/Users/elywright/Desktop/geocentric-main/.venv/lib/python3.9/site-packages/starlette/_exception_handler.py", line 53, in wrapped_app
    raise exc
  File "/Users/elywright/Desktop/geocentric-main/.venv/lib/python3.9/site-packages/starlette/_exception_handler.py", line 42, in wrapped_app
    await app(scope, receive, sender)
  File "/Users/elywright/Desktop/geocentric-main/.venv/lib/python3.9/site-packages/fastapi/routing.py", line 108, in app
    await response(scope, receive, send)
  File "/Users/elywright/Desktop/geocentric-main/.venv/lib/python3.9/site-packages/starlette/responses.py", line 277, in __call__
    await wrap(partial(self.listen_for_disconnect, receive))
  File "/Library/Developer/CommandLineTools/Library/Frameworks/Python3.framework/Versions/3.9/lib/python3.9/contextlib.py", line 135, in __exit__
    self.gen.throw(type, value, traceback)
  File "/Users/elywright/Desktop/geocentric-main/.venv/lib/python3.9/site-packages/starlette/_utils.py", line 85, in collapse_excgroups
    raise exc
  File "/Users/elywright/Desktop/geocentric-main/.venv/lib/python3.9/site-packages/starlette/responses.py", line 273, in wrap
    await func()
  File "/Users/elywright/Desktop/geocentric-main/.venv/lib/python3.9/site-packages/starlette/responses.py", line 253, in stream_response
    async for chunk in self.body_iterator:
  File "/Users/elywright/Desktop/geocentric-main/geocentric/server.py", line 5487, in event_stream_ollama
    usage_payload = build_usage_payload(max(1, len(prompt) // 4), max(1, len(accumulated) // 4))
NameError: free variable 'prompt' referenced before assignment in enclosing scope

ERROR:    Exception in ASGI application
  + Exception Group Traceback (most recent call last):
  |   File "/Users/elywright/Desktop/geocentric-main/.venv/lib/python3.9/site-packages/starlette/_utils.py", line 79, in collapse_excgroups
  |     yield
  |   File "/Users/elywright/Desktop/geocentric-main/.venv/lib/python3.9/site-packages/starlette/responses.py", line 277, in __call__
  |     await wrap(partial(self.listen_for_disconnect, receive))
  |   File "/Users/elywright/Desktop/geocentric-main/.venv/lib/python3.9/site-packages/anyio/_backends/_asyncio.py", line 783, in __aexit__
  |     raise BaseExceptionGroup(
  | exceptiongroup.ExceptionGroup: unhandled errors in a TaskGroup (1 sub-exception)
  +-+---------------- 1 ----------------
    | Traceback (most recent call last):
    |   File "/Users/elywright/Desktop/geocentric-main/.venv/lib/python3.9/site-packages/uvicorn/protocols/http/httptools_impl.py", line 415, in run_asgi
    |     result = await app(  # type: ignore[func-returns-value]
    |   File "/Users/elywright/Desktop/geocentric-main/.venv/lib/python3.9/site-packages/uvicorn/middleware/proxy_headers.py", line 60, in __call__
    |     return await self.app(scope, receive, send)
    |   File "/Users/elywright/Desktop/geocentric-main/.venv/lib/python3.9/site-packages/fastapi/applications.py", line 1138, in __call__
    |     await super().__call__(scope, receive, send)
    |   File "/Users/elywright/Desktop/geocentric-main/.venv/lib/python3.9/site-packages/starlette/applications.py", line 113, in __call__
    |     await self.middleware_stack(scope, receive, send)
    |   File "/Users/elywright/Desktop/geocentric-main/.venv/lib/python3.9/site-packages/starlette/middleware/errors.py", line 186, in __call__
    |     raise exc
    |   File "/Users/elywright/Desktop/geocentric-main/.venv/lib/python3.9/site-packages/starlette/middleware/errors.py", line 164, in __call__
    |     await self.app(scope, receive, _send)
    |   File "/Users/elywright/Desktop/geocentric-main/.venv/lib/python3.9/site-packages/starlette/middleware/cors.py", line 85, in __call__
    |     await self.app(scope, receive, send)
    |   File "/Users/elywright/Desktop/geocentric-main/.venv/lib/python3.9/site-packages/starlette/middleware/exceptions.py", line 63, in __call__
    |     await wrap_app_handling_exceptions(self.app, conn)(scope, receive, send)
    |   File "/Users/elywright/Desktop/geocentric-main/.venv/lib/python3.9/site-packages/starlette/_exception_handler.py", line 53, in wrapped_app
    |     raise exc
    |   File "/Users/elywright/Desktop/geocentric-main/.venv/lib/python3.9/site-packages/starlette/_exception_handler.py", line 42, in wrapped_app
    |     await app(scope, receive, sender)
    |   File "/Users/elywright/Desktop/geocentric-main/.venv/lib/python3.9/site-packages/fastapi/middleware/asyncexitstack.py", line 18, in __call__
    |     await self.app(scope, receive, send)
    |   File "/Users/elywright/Desktop/geocentric-main/.venv/lib/python3.9/site-packages/starlette/routing.py", line 716, in __call__
    |     await self.middleware_stack(scope, receive, send)
    |   File "/Users/elywright/Desktop/geocentric-main/.venv/lib/python3.9/site-packages/starlette/routing.py", line 736, in app
    |     await route.handle(scope, receive, send)
    |   File "/Users/elywright/Desktop/geocentric-main/.venv/lib/python3.9/site-packages/starlette/routing.py", line 290, in handle
    |     await self.app(scope, receive, send)
    |   File "/Users/elywright/Desktop/geocentric-main/.venv/lib/python3.9/site-packages/fastapi/routing.py", line 121, in app
    |     await wrap_app_handling_exceptions(app, request)(scope, receive, send)
    |   File "/Users/elywright/Desktop/geocentric-main/.venv/lib/python3.9/site-packages/starlette/_exception_handler.py", line 53, in wrapped_app
    |     raise exc
    |   File "/Users/elywright/Desktop/geocentric-main/.venv/lib/python3.9/site-packages/starlette/_exception_handler.py", line 42, in wrapped_app
    |     await app(scope, receive, sender)
    |   File "/Users/elywright/Desktop/geocentric-main/.venv/lib/python3.9/site-packages/fastapi/routing.py", line 108, in app
    |     await response(scope, receive, send)
    |   File "/Users/elywright/Desktop/geocentric-main/.venv/lib/python3.9/site-packages/starlette/responses.py", line 277, in __call__
    |     await wrap(partial(self.listen_for_disconnect, receive))
    |   File "/Library/Developer/CommandLineTools/Library/Frameworks/Python3.framework/Versions/3.9/lib/python3.9/contextlib.py", line 135, in __exit__
    |     self.gen.throw(type, value, traceback)
    |   File "/Users/elywright/Desktop/geocentric-main/.venv/lib/python3.9/site-packages/starlette/_utils.py", line 85, in collapse_excgroups
    |     raise exc
    |   File "/Users/elywright/Desktop/geocentric-main/.venv/lib/python3.9/site-packages/starlette/responses.py", line 273, in wrap
    |     await func()
    |   File "/Users/elywright/Desktop/geocentric-main/.venv/lib/python3.9/site-packages/starlette/responses.py", line 253, in stream_response
    |     async for chunk in self.body_iterator:
    |   File "/Users/elywright/Desktop/geocentric-main/geocentric/server.py", line 5487, in event_stream_ollama
    |     usage_payload = build_usage_payload(max(1, len(prompt) // 4), max(1, len(accumulated) // 4))
    | NameError: free variable 'prompt' referenced before assignment in enclosing scope
    +------------------------------------

During handling of the above exception, another exception occurred:

Traceback (most recent call last):
  File "/Users/elywright/Desktop/geocentric-main/.venv/lib/python3.9/site-packages/uvicorn/protocols/http/httptools_impl.py", line 415, in run_asgi
    result = await app(  # type: ignore[func-returns-value]
  File "/Users/elywright/Desktop/geocentric-main/.venv/lib/python3.9/site-packages/uvicorn/middleware/proxy_headers.py", line 60, in __call__
    return await self.app(scope, receive, send)
  File "/Users/elywright/Desktop/geocentric-main/.venv/lib/python3.9/site-packages/fastapi/applications.py", line 1138, in __call__
    await super().__call__(scope, receive, send)
  File "/Users/elywright/Desktop/geocentric-main/.venv/lib/python3.9/site-packages/starlette/applications.py", line 113, in __call__
    await self.middleware_stack(scope, receive, send)
  File "/Users/elywright/Desktop/geocentric-main/.venv/lib/python3.9/site-packages/starlette/middleware/errors.py", line 186, in __call__
    raise exc
  File "/Users/elywright/Desktop/geocentric-main/.venv/lib/python3.9/site-packages/starlette/middleware/errors.py", line 164, in __call__
    await self.app(scope, receive, _send)
  File "/Users/elywright/Desktop/geocentric-main/.venv/lib/python3.9/site-packages/starlette/middleware/cors.py", line 85, in __call__
    await self.app(scope, receive, send)
  File "/Users/elywright/Desktop/geocentric-main/.venv/lib/python3.9/site-packages/starlette/middleware/exceptions.py", line 63, in __call__
    await wrap_app_handling_exceptions(self.app, conn)(scope, receive, send)
  File "/Users/elywright/Desktop/geocentric-main/.venv/lib/python3.9/site-packages/starlette/_exception_handler.py", line 53, in wrapped_app
    raise exc
  File "/Users/elywright/Desktop/geocentric-main/.venv/lib/python3.9/site-packages/starlette/_exception_handler.py", line 42, in wrapped_app
    await app(scope, receive, sender)
  File "/Users/elywright/Desktop/geocentric-main/.venv/lib/python3.9/site-packages/fastapi/middleware/asyncexitstack.py", line 18, in __call__
    await self.app(scope, receive, send)
  File "/Users/elywright/Desktop/geocentric-main/.venv/lib/python3.9/site-packages/starlette/routing.py", line 716, in __call__
    await self.middleware_stack(scope, receive, send)
  File "/Users/elywright/Desktop/geocentric-main/.venv/lib/python3.9/site-packages/starlette/routing.py", line 736, in app
    await route.handle(scope, receive, send)
  File "/Users/elywright/Desktop/geocentric-main/.venv/lib/python3.9/site-packages/starlette/routing.py", line 290, in handle
    await self.app(scope, receive, send)
  File "/Users/elywright/Desktop/geocentric-main/.venv/lib/python3.9/site-packages/fastapi/routing.py", line 121, in app
    await wrap_app_handling_exceptions(app, request)(scope, receive, send)
  File "/Users/elywright/Desktop/geocentric-main/.venv/lib/python3.9/site-packages/starlette/_exception_handler.py", line 53, in wrapped_app
    raise exc
  File "/Users/elywright/Desktop/geocentric-main/.venv/lib/python3.9/site-packages/starlette/_exception_handler.py", line 42, in wrapped_app
    await app(scope, receive, sender)
  File "/Users/elywright/Desktop/geocentric-main/.venv/lib/python3.9/site-packages/fastapi/routing.py", line 108, in app
    await response(scope, receive, send)
  File "/Users/elywright/Desktop/geocentric-main/.venv/lib/python3.9/site-packages/starlette/responses.py", line 277, in __call__
    await wrap(partial(self.listen_for_disconnect, receive))
  File "/Library/Developer/CommandLineTools/Library/Frameworks/Python3.framework/Versions/3.9/lib/python3.9/contextlib.py", line 135, in __exit__
    self.gen.throw(type, value, traceback)
  File "/Users/elywright/Desktop/geocentric-main/.venv/lib/python3.9/site-packages/starlette/_utils.py", line 85, in collapse_excgroups
    raise exc
  File "/Users/elywright/Desktop/geocentric-main/.venv/lib/python3.9/site-packages/starlette/responses.py", line 273, in wrap
    await func()
  File "/Users/elywright/Desktop/geocentric-main/.venv/lib/python3.9/site-packages/starlette/responses.py", line 253, in stream_response
    async for chunk in self.body_iterator:
  File "/Users/elywright/Desktop/geocentric-main/geocentric/server.py", line 5487, in event_stream_ollama
    usage_payload = build_usage_payload(max(1, len(prompt) // 4), max(1, len(accumulated) // 4))
NameError: free variable 'prompt' referenced before assignment in enclosing scope

ERROR:    Exception in ASGI application
  + Exception Group Traceback (most recent call last):
  |   File "/Users/elywright/Desktop/geocentric-main/.venv/lib/python3.9/site-packages/starlette/_utils.py", line 79, in collapse_excgroups
  |     yield
  |   File "/Users/elywright/Desktop/geocentric-main/.venv/lib/python3.9/site-packages/starlette/responses.py", line 277, in __call__
  |     await wrap(partial(self.listen_for_disconnect, receive))
  |   File "/Users/elywright/Desktop/geocentric-main/.venv/lib/python3.9/site-packages/anyio/_backends/_asyncio.py", line 783, in __aexit__
  |     raise BaseExceptionGroup(
  | exceptiongroup.ExceptionGroup: unhandled errors in a TaskGroup (1 sub-exception)
  +-+---------------- 1 ----------------
    | Traceback (most recent call last):
    |   File "/Users/elywright/Desktop/geocentric-main/.venv/lib/python3.9/site-packages/uvicorn/protocols/http/httptools_impl.py", line 415, in run_asgi
    |     result = await app(  # type: ignore[func-returns-value]
    |   File "/Users/elywright/Desktop/geocentric-main/.venv/lib/python3.9/site-packages/uvicorn/middleware/proxy_headers.py", line 60, in __call__
    |     return await self.app(scope, receive, send)
    |   File "/Users/elywright/Desktop/geocentric-main/.venv/lib/python3.9/site-packages/fastapi/applications.py", line 1138, in __call__
    |     await super().__call__(scope, receive, send)
    |   File "/Users/elywright/Desktop/geocentric-main/.venv/lib/python3.9/site-packages/starlette/applications.py", line 113, in __call__
    |     await self.middleware_stack(scope, receive, send)
    |   File "/Users/elywright/Desktop/geocentric-main/.venv/lib/python3.9/site-packages/starlette/middleware/errors.py", line 186, in __call__
    |     raise exc
    |   File "/Users/elywright/Desktop/geocentric-main/.venv/lib/python3.9/site-packages/starlette/middleware/errors.py", line 164, in __call__
    |     await self.app(scope, receive, _send)
    |   File "/Users/elywright/Desktop/geocentric-main/.venv/lib/python3.9/site-packages/starlette/middleware/cors.py", line 85, in __call__
    |     await self.app(scope, receive, send)
    |   File "/Users/elywright/Desktop/geocentric-main/.venv/lib/python3.9/site-packages/starlette/middleware/exceptions.py", line 63, in __call__
    |     await wrap_app_handling_exceptions(self.app, conn)(scope, receive, send)
    |   File "/Users/elywright/Desktop/geocentric-main/.venv/lib/python3.9/site-packages/starlette/_exception_handler.py", line 53, in wrapped_app
    |     raise exc
    |   File "/Users/elywright/Desktop/geocentric-main/.venv/lib/python3.9/site-packages/starlette/_exception_handler.py", line 42, in wrapped_app
    |     await app(scope, receive, sender)
    |   File "/Users/elywright/Desktop/geocentric-main/.venv/lib/python3.9/site-packages/fastapi/middleware/asyncexitstack.py", line 18, in __call__
    |     await self.app(scope, receive, send)
    |   File "/Users/elywright/Desktop/geocentric-main/.venv/lib/python3.9/site-packages/starlette/routing.py", line 716, in __call__
    |     await self.middleware_stack(scope, receive, send)
    |   File "/Users/elywright/Desktop/geocentric-main/.venv/lib/python3.9/site-packages/starlette/routing.py", line 736, in app
    |     await route.handle(scope, receive, send)
    |   File "/Users/elywright/Desktop/geocentric-main/.venv/lib/python3.9/site-packages/starlette/routing.py", line 290, in handle
    |     await self.app(scope, receive, send)
    |   File "/Users/elywright/Desktop/geocentric-main/.venv/lib/python3.9/site-packages/fastapi/routing.py", line 121, in app
    |     await wrap_app_handling_exceptions(app, request)(scope, receive, send)
    |   File "/Users/elywright/Desktop/geocentric-main/.venv/lib/python3.9/site-packages/starlette/_exception_handler.py", line 53, in wrapped_app
    |     raise exc
    |   File "/Users/elywright/Desktop/geocentric-main/.venv/lib/python3.9/site-packages/starlette/_exception_handler.py", line 42, in wrapped_app
    |     await app(scope, receive, sender)
    |   File "/Users/elywright/Desktop/geocentric-main/.venv/lib/python3.9/site-packages/fastapi/routing.py", line 108, in app
    |     await response(scope, receive, send)
    |   File "/Users/elywright/Desktop/geocentric-main/.venv/lib/python3.9/site-packages/starlette/responses.py", line 277, in __call__
    |     await wrap(partial(self.listen_for_disconnect, receive))
    |   File "/Library/Developer/CommandLineTools/Library/Frameworks/Python3.framework/Versions/3.9/lib/python3.9/contextlib.py", line 135, in __exit__
    |     self.gen.throw(type, value, traceback)
    |   File "/Users/elywright/Desktop/geocentric-main/.venv/lib/python3.9/site-packages/starlette/_utils.py", line 85, in collapse_excgroups
    |     raise exc
    |   File "/Users/elywright/Desktop/geocentric-main/.venv/lib/python3.9/site-packages/starlette/responses.py", line 273, in wrap
    |     await func()
    |   File "/Users/elywright/Desktop/geocentric-main/.venv/lib/python3.9/site-packages/starlette/responses.py", line 253, in stream_response
    |     async for chunk in self.body_iterator:
    |   File "/Users/elywright/Desktop/geocentric-main/geocentric/server.py", line 5487, in event_stream_ollama
    |     usage_payload = build_usage_payload(max(1, len(prompt) // 4), max(1, len(accumulated) // 4))
    | NameError: free variable 'prompt' referenced before assignment in enclosing scope
    +------------------------------------

During handling of the above exception, another exception occurred:

Traceback (most recent call last):
  File "/Users/elywright/Desktop/geocentric-main/.venv/lib/python3.9/site-packages/uvicorn/protocols/http/httptools_impl.py", line 415, in run_asgi
    result = await app(  # type: ignore[func-returns-value]
  File "/Users/elywright/Desktop/geocentric-main/.venv/lib/python3.9/site-packages/uvicorn/middleware/proxy_headers.py", line 60, in __call__
    return await self.app(scope, receive, send)
  File "/Users/elywright/Desktop/geocentric-main/.venv/lib/python3.9/site-packages/fastapi/applications.py", line 1138, in __call__
    await super().__call__(scope, receive, send)
  File "/Users/elywright/Desktop/geocentric-main/.venv/lib/python3.9/site-packages/starlette/applications.py", line 113, in __call__
    await self.middleware_stack(scope, receive, send)
  File "/Users/elywright/Desktop/geocentric-main/.venv/lib/python3.9/site-packages/starlette/middleware/errors.py", line 186, in __call__
    raise exc
  File "/Users/elywright/Desktop/geocentric-main/.venv/lib/python3.9/site-packages/starlette/middleware/errors.py", line 164, in __call__
    await self.app(scope, receive, _send)
  File "/Users/elywright/Desktop/geocentric-main/.venv/lib/python3.9/site-packages/starlette/middleware/cors.py", line 85, in __call__
    await self.app(scope, receive, send)
  File "/Users/elywright/Desktop/geocentric-main/.venv/lib/python3.9/site-packages/starlette/middleware/exceptions.py", line 63, in __call__
    await wrap_app_handling_exceptions(self.app, conn)(scope, receive, send)
  File "/Users/elywright/Desktop/geocentric-main/.venv/lib/python3.9/site-packages/starlette/_exception_handler.py", line 53, in wrapped_app
    raise exc
  File "/Users/elywright/Desktop/geocentric-main/.venv/lib/python3.9/site-packages/starlette/_exception_handler.py", line 42, in wrapped_app
    await app(scope, receive, sender)
  File "/Users/elywright/Desktop/geocentric-main/.venv/lib/python3.9/site-packages/fastapi/middleware/asyncexitstack.py", line 18, in __call__
    await self.app(scope, receive, send)
  File "/Users/elywright/Desktop/geocentric-main/.venv/lib/python3.9/site-packages/starlette/routing.py", line 716, in __call__
    await self.middleware_stack(scope, receive, send)
  File "/Users/elywright/Desktop/geocentric-main/.venv/lib/python3.9/site-packages/starlette/routing.py", line 736, in app
    await route.handle(scope, receive, send)
  File "/Users/elywright/Desktop/geocentric-main/.venv/lib/python3.9/site-packages/starlette/routing.py", line 290, in handle
    await self.app(scope, receive, send)
  File "/Users/elywright/Desktop/geocentric-main/.venv/lib/python3.9/site-packages/fastapi/routing.py", line 121, in app
    await wrap_app_handling_exceptions(app, request)(scope, receive, send)
  File "/Users/elywright/Desktop/geocentric-main/.venv/lib/python3.9/site-packages/starlette/_exception_handler.py", line 53, in wrapped_app
    raise exc
  File "/Users/elywright/Desktop/geocentric-main/.venv/lib/python3.9/site-packages/starlette/_exception_handler.py", line 42, in wrapped_app
    await app(scope, receive, sender)
  File "/Users/elywright/Desktop/geocentric-main/.venv/lib/python3.9/site-packages/fastapi/routing.py", line 108, in app
    await response(scope, receive, send)
  File "/Users/elywright/Desktop/geocentric-main/.venv/lib/python3.9/site-packages/starlette/responses.py", line 277, in __call__
    await wrap(partial(self.listen_for_disconnect, receive))
  File "/Library/Developer/CommandLineTools/Library/Frameworks/Python3.framework/Versions/3.9/lib/python3.9/contextlib.py", line 135, in __exit__
    self.gen.throw(type, value, traceback)
  File "/Users/elywright/Desktop/geocentric-main/.venv/lib/python3.9/site-packages/starlette/_utils.py", line 85, in collapse_excgroups
    raise exc
  File "/Users/elywright/Desktop/geocentric-main/.venv/lib/python3.9/site-packages/starlette/responses.py", line 273, in wrap
    await func()
  File "/Users/elywright/Desktop/geocentric-main/.venv/lib/python3.9/site-packages/starlette/responses.py", line 253, in stream_response
    async for chunk in self.body_iterator:
  File "/Users/elywright/Desktop/geocentric-main/geocentric/server.py", line 5487, in event_stream_ollama
    usage_payload = build_usage_payload(max(1, len(prompt) // 4), max(1, len(accumulated) // 4))
NameError: free variable 'prompt' referenced before assignment in enclosing scope

ERROR:    Exception in ASGI application
  + Exception Group Traceback (most recent call last):
  |   File "/Users/elywright/Desktop/geocentric-main/.venv/lib/python3.9/site-packages/starlette/_utils.py", line 79, in collapse_excgroups
  |     yield
  |   File "/Users/elywright/Desktop/geocentric-main/.venv/lib/python3.9/site-packages/starlette/responses.py", line 277, in __call__
  |     await wrap(partial(self.listen_for_disconnect, receive))
  |   File "/Users/elywright/Desktop/geocentric-main/.venv/lib/python3.9/site-packages/anyio/_backends/_asyncio.py", line 783, in __aexit__
  |     raise BaseExceptionGroup(
  | exceptiongroup.ExceptionGroup: unhandled errors in a TaskGroup (1 sub-exception)
  +-+---------------- 1 ----------------
    | Traceback (most recent call last):
    |   File "/Users/elywright/Desktop/geocentric-main/.venv/lib/python3.9/site-packages/uvicorn/protocols/http/httptools_impl.py", line 415, in run_asgi
    |     result = await app(  # type: ignore[func-returns-value]
    |   File "/Users/elywright/Desktop/geocentric-main/.venv/lib/python3.9/site-packages/uvicorn/middleware/proxy_headers.py", line 60, in __call__
    |     return await self.app(scope, receive, send)
    |   File "/Users/elywright/Desktop/geocentric-main/.venv/lib/python3.9/site-packages/fastapi/applications.py", line 1138, in __call__
    |     await super().__call__(scope, receive, send)
    |   File "/Users/elywright/Desktop/geocentric-main/.venv/lib/python3.9/site-packages/starlette/applications.py", line 113, in __call__
    |     await self.middleware_stack(scope, receive, send)
    |   File "/Users/elywright/Desktop/geocentric-main/.venv/lib/python3.9/site-packages/starlette/middleware/errors.py", line 186, in __call__
    |     raise exc
    |   File "/Users/elywright/Desktop/geocentric-main/.venv/lib/python3.9/site-packages/starlette/middleware/errors.py", line 164, in __call__
    |     await self.app(scope, receive, _send)
    |   File "/Users/elywright/Desktop/geocentric-main/.venv/lib/python3.9/site-packages/starlette/middleware/cors.py", line 85, in __call__
    |     await self.app(scope, receive, send)
    |   File "/Users/elywright/Desktop/geocentric-main/.venv/lib/python3.9/site-packages/starlette/middleware/exceptions.py", line 63, in __call__
    |     await wrap_app_handling_exceptions(self.app, conn)(scope, receive, send)
    |   File "/Users/elywright/Desktop/geocentric-main/.venv/lib/python3.9/site-packages/starlette/_exception_handler.py", line 53, in wrapped_app
    |     raise exc
    |   File "/Users/elywright/Desktop/geocentric-main/.venv/lib/python3.9/site-packages/starlette/_exception_handler.py", line 42, in wrapped_app
    |     await app(scope, receive, sender)
    |   File "/Users/elywright/Desktop/geocentric-main/.venv/lib/python3.9/site-packages/fastapi/middleware/asyncexitstack.py", line 18, in __call__
    |     await self.app(scope, receive, send)
    |   File "/Users/elywright/Desktop/geocentric-main/.venv/lib/python3.9/site-packages/starlette/routing.py", line 716, in __call__
    |     await self.middleware_stack(scope, receive, send)
    |   File "/Users/elywright/Desktop/geocentric-main/.venv/lib/python3.9/site-packages/starlette/routing.py", line 736, in app
    |     await route.handle(scope, receive, send)
    |   File "/Users/elywright/Desktop/geocentric-main/.venv/lib/python3.9/site-packages/starlette/routing.py", line 290, in handle
    |     await self.app(scope, receive, send)
    |   File "/Users/elywright/Desktop/geocentric-main/.venv/lib/python3.9/site-packages/fastapi/routing.py", line 121, in app
    |     await wrap_app_handling_exceptions(app, request)(scope, receive, send)
    |   File "/Users/elywright/Desktop/geocentric-main/.venv/lib/python3.9/site-packages/starlette/_exception_handler.py", line 53, in wrapped_app
    |     raise exc
    |   File "/Users/elywright/Desktop/geocentric-main/.venv/lib/python3.9/site-packages/starlette/_exception_handler.py", line 42, in wrapped_app
    |     await app(scope, receive, sender)
    |   File "/Users/elywright/Desktop/geocentric-main/.venv/lib/python3.9/site-packages/fastapi/routing.py", line 108, in app
    |     await response(scope, receive, send)
    |   File "/Users/elywright/Desktop/geocentric-main/.venv/lib/python3.9/site-packages/starlette/responses.py", line 277, in __call__
    |     await wrap(partial(self.listen_for_disconnect, receive))
    |   File "/Library/Developer/CommandLineTools/Library/Frameworks/Python3.framework/Versions/3.9/lib/python3.9/contextlib.py", line 135, in __exit__
    |     self.gen.throw(type, value, traceback)
    |   File "/Users/elywright/Desktop/geocentric-main/.venv/lib/python3.9/site-packages/starlette/_utils.py", line 85, in collapse_excgroups
    |     raise exc
    |   File "/Users/elywright/Desktop/geocentric-main/.venv/lib/python3.9/site-packages/starlette/responses.py", line 273, in wrap
    |     await func()
    |   File "/Users/elywright/Desktop/geocentric-main/.venv/lib/python3.9/site-packages/starlette/responses.py", line 253, in stream_response
    |     async for chunk in self.body_iterator:
    |   File "/Users/elywright/Desktop/geocentric-main/geocentric/server.py", line 5487, in event_stream_ollama
    |     usage_payload = build_usage_payload(max(1, len(prompt) // 4), max(1, len(accumulated) // 4))
    | NameError: free variable 'prompt' referenced before assignment in enclosing scope
    +------------------------------------

During handling of the above exception, another exception occurred:

Traceback (most recent call last):
  File "/Users/elywright/Desktop/geocentric-main/.venv/lib/python3.9/site-packages/uvicorn/protocols/http/httptools_impl.py", line 415, in run_asgi
    result = await app(  # type: ignore[func-returns-value]
  File "/Users/elywright/Desktop/geocentric-main/.venv/lib/python3.9/site-packages/uvicorn/middleware/proxy_headers.py", line 60, in __call__
    return await self.app(scope, receive, send)
  File "/Users/elywright/Desktop/geocentric-main/.venv/lib/python3.9/site-packages/fastapi/applications.py", line 1138, in __call__
    await super().__call__(scope, receive, send)
  File "/Users/elywright/Desktop/geocentric-main/.venv/lib/python3.9/site-packages/starlette/applications.py", line 113, in __call__
    await self.middleware_stack(scope, receive, send)
  File "/Users/elywright/Desktop/geocentric-main/.venv/lib/python3.9/site-packages/starlette/middleware/errors.py", line 186, in __call__
    raise exc
  File "/Users/elywright/Desktop/geocentric-main/.venv/lib/python3.9/site-packages/starlette/middleware/errors.py", line 164, in __call__
    await self.app(scope, receive, _send)
  File "/Users/elywright/Desktop/geocentric-main/.venv/lib/python3.9/site-packages/starlette/middleware/cors.py", line 85, in __call__
    await self.app(scope, receive, send)
  File "/Users/elywright/Desktop/geocentric-main/.venv/lib/python3.9/site-packages/starlette/middleware/exceptions.py", line 63, in __call__
    await wrap_app_handling_exceptions(self.app, conn)(scope, receive, send)
  File "/Users/elywright/Desktop/geocentric-main/.venv/lib/python3.9/site-packages/starlette/_exception_handler.py", line 53, in wrapped_app
    raise exc
  File "/Users/elywright/Desktop/geocentric-main/.venv/lib/python3.9/site-packages/starlette/_exception_handler.py", line 42, in wrapped_app
    await app(scope, receive, sender)
  File "/Users/elywright/Desktop/geocentric-main/.venv/lib/python3.9/site-packages/fastapi/middleware/asyncexitstack.py", line 18, in __call__
    await self.app(scope, receive, send)
  File "/Users/elywright/Desktop/geocentric-main/.venv/lib/python3.9/site-packages/starlette/routing.py", line 716, in __call__
    await self.middleware_stack(scope, receive, send)
  File "/Users/elywright/Desktop/geocentric-main/.venv/lib/python3.9/site-packages/starlette/routing.py", line 736, in app
    await route.handle(scope, receive, send)
  File "/Users/elywright/Desktop/geocentric-main/.venv/lib/python3.9/site-packages/starlette/routing.py", line 290, in handle
    await self.app(scope, receive, send)
  File "/Users/elywright/Desktop/geocentric-main/.venv/lib/python3.9/site-packages/fastapi/routing.py", line 121, in app
    await wrap_app_handling_exceptions(app, request)(scope, receive, send)
  File "/Users/elywright/Desktop/geocentric-main/.venv/lib/python3.9/site-packages/starlette/_exception_handler.py", line 53, in wrapped_app
    raise exc
  File "/Users/elywright/Desktop/geocentric-main/.venv/lib/python3.9/site-packages/starlette/_exception_handler.py", line 42, in wrapped_app
    await app(scope, receive, sender)
  File "/Users/elywright/Desktop/geocentric-main/.venv/lib/python3.9/site-packages/fastapi/routing.py", line 108, in app
    await response(scope, receive, send)
  File "/Users/elywright/Desktop/geocentric-main/.venv/lib/python3.9/site-packages/starlette/responses.py", line 277, in __call__
    await wrap(partial(self.listen_for_disconnect, receive))
  File "/Library/Developer/CommandLineTools/Library/Frameworks/Python3.framework/Versions/3.9/lib/python3.9/contextlib.py", line 135, in __exit__
    self.gen.throw(type, value, traceback)
  File "/Users/elywright/Desktop/geocentric-main/.venv/lib/python3.9/site-packages/starlette/_utils.py", line 85, in collapse_excgroups
    raise exc
  File "/Users/elywright/Desktop/geocentric-main/.venv/lib/python3.9/site-packages/starlette/responses.py", line 273, in wrap
    await func()
  File "/Users/elywright/Desktop/geocentric-main/.venv/lib/python3.9/site-packages/starlette/responses.py", line 253, in stream_response
    async for chunk in self.body_iterator:
  File "/Users/elywright/Desktop/geocentric-main/geocentric/server.py", line 5487, in event_stream_ollama
    usage_payload = build_usage_payload(max(1, len(prompt) // 4), max(1, len(accumulated) // 4))
NameError: free variable 'prompt' referenced before assignment in enclosing scope

ERROR:    Exception in ASGI application
  + Exception Group Traceback (most recent call last):
  |   File "/Users/elywright/Desktop/geocentric-main/.venv/lib/python3.9/site-packages/starlette/_utils.py", line 79, in collapse_excgroups
  |     yield
  |   File "/Users/elywright/Desktop/geocentric-main/.venv/lib/python3.9/site-packages/starlette/responses.py", line 277, in __call__
  |     await wrap(partial(self.listen_for_disconnect, receive))
  |   File "/Users/elywright/Desktop/geocentric-main/.venv/lib/python3.9/site-packages/anyio/_backends/_asyncio.py", line 783, in __aexit__
  |     raise BaseExceptionGroup(
  | exceptiongroup.ExceptionGroup: unhandled errors in a TaskGroup (1 sub-exception)
  +-+---------------- 1 ----------------
    | Traceback (most recent call last):
    |   File "/Users/elywright/Desktop/geocentric-main/.venv/lib/python3.9/site-packages/uvicorn/protocols/http/httptools_impl.py", line 415, in run_asgi
    |     result = await app(  # type: ignore[func-returns-value]
    |   File "/Users/elywright/Desktop/geocentric-main/.venv/lib/python3.9/site-packages/uvicorn/middleware/proxy_headers.py", line 60, in __call__
    |     return await self.app(scope, receive, send)
    |   File "/Users/elywright/Desktop/geocentric-main/.venv/lib/python3.9/site-packages/fastapi/applications.py", line 1138, in __call__
    |     await super().__call__(scope, receive, send)
    |   File "/Users/elywright/Desktop/geocentric-main/.venv/lib/python3.9/site-packages/starlette/applications.py", line 113, in __call__
    |     await self.middleware_stack(scope, receive, send)
    |   File "/Users/elywright/Desktop/geocentric-main/.venv/lib/python3.9/site-packages/starlette/middleware/errors.py", line 186, in __call__
    |     raise exc
    |   File "/Users/elywright/Desktop/geocentric-main/.venv/lib/python3.9/site-packages/starlette/middleware/errors.py", line 164, in __call__
    |     await self.app(scope, receive, _send)
    |   File "/Users/elywright/Desktop/geocentric-main/.venv/lib/python3.9/site-packages/starlette/middleware/cors.py", line 85, in __call__
    |     await self.app(scope, receive, send)
    |   File "/Users/elywright/Desktop/geocentric-main/.venv/lib/python3.9/site-packages/starlette/middleware/exceptions.py", line 63, in __call__
    |     await wrap_app_handling_exceptions(self.app, conn)(scope, receive, send)
    |   File "/Users/elywright/Desktop/geocentric-main/.venv/lib/python3.9/site-packages/starlette/_exception_handler.py", line 53, in wrapped_app
    |     raise exc
    |   File "/Users/elywright/Desktop/geocentric-main/.venv/lib/python3.9/site-packages/starlette/_exception_handler.py", line 42, in wrapped_app
    |     await app(scope, receive, sender)
    |   File "/Users/elywright/Desktop/geocentric-main/.venv/lib/python3.9/site-packages/fastapi/middleware/asyncexitstack.py", line 18, in __call__
    |     await self.app(scope, receive, send)
    |   File "/Users/elywright/Desktop/geocentric-main/.venv/lib/python3.9/site-packages/starlette/routing.py", line 716, in __call__
    |     await self.middleware_stack(scope, receive, send)
    |   File "/Users/elywright/Desktop/geocentric-main/.venv/lib/python3.9/site-packages/starlette/routing.py", line 736, in app
    |     await route.handle(scope, receive, send)
    |   File "/Users/elywright/Desktop/geocentric-main/.venv/lib/python3.9/site-packages/starlette/routing.py", line 290, in handle
    |     await self.app(scope, receive, send)
    |   File "/Users/elywright/Desktop/geocentric-main/.venv/lib/python3.9/site-packages/fastapi/routing.py", line 121, in app
    |     await wrap_app_handling_exceptions(app, request)(scope, receive, send)
    |   File "/Users/elywright/Desktop/geocentric-main/.venv/lib/python3.9/site-packages/starlette/_exception_handler.py", line 53, in wrapped_app
    |     raise exc
    |   File "/Users/elywright/Desktop/geocentric-main/.venv/lib/python3.9/site-packages/starlette/_exception_handler.py", line 42, in wrapped_app
    |     await app(scope, receive, sender)
    |   File "/Users/elywright/Desktop/geocentric-main/.venv/lib/python3.9/site-packages/fastapi/routing.py", line 108, in app
    |     await response(scope, receive, send)
    |   File "/Users/elywright/Desktop/geocentric-main/.venv/lib/python3.9/site-packages/starlette/responses.py", line 277, in __call__
    |     await wrap(partial(self.listen_for_disconnect, receive))
    |   File "/Library/Developer/CommandLineTools/Library/Frameworks/Python3.framework/Versions/3.9/lib/python3.9/contextlib.py", line 135, in __exit__
    |     self.gen.throw(type, value, traceback)
    |   File "/Users/elywright/Desktop/geocentric-main/.venv/lib/python3.9/site-packages/starlette/_utils.py", line 85, in collapse_excgroups
    |     raise exc
    |   File "/Users/elywright/Desktop/geocentric-main/.venv/lib/python3.9/site-packages/starlette/responses.py", line 273, in wrap
    |     await func()
    |   File "/Users/elywright/Desktop/geocentric-main/.venv/lib/python3.9/site-packages/starlette/responses.py", line 253, in stream_response
    |     async for chunk in self.body_iterator:
    |   File "/Users/elywright/Desktop/geocentric-main/geocentric/server.py", line 5487, in event_stream_ollama
    |     usage_payload = build_usage_payload(max(1, len(prompt) // 4), max(1, len(accumulated) // 4))
    | NameError: free variable 'prompt' referenced before assignment in enclosing scope
    +------------------------------------

During handling of the above exception, another exception occurred:

Traceback (most recent call last):
  File "/Users/elywright/Desktop/geocentric-main/.venv/lib/python3.9/site-packages/uvicorn/protocols/http/httptools_impl.py", line 415, in run_asgi
    result = await app(  # type: ignore[func-returns-value]
  File "/Users/elywright/Desktop/geocentric-main/.venv/lib/python3.9/site-packages/uvicorn/middleware/proxy_headers.py", line 60, in __call__
    return await self.app(scope, receive, send)
  File "/Users/elywright/Desktop/geocentric-main/.venv/lib/python3.9/site-packages/fastapi/applications.py", line 1138, in __call__
    await super().__call__(scope, receive, send)
  File "/Users/elywright/Desktop/geocentric-main/.venv/lib/python3.9/site-packages/starlette/applications.py", line 113, in __call__
    await self.middleware_stack(scope, receive, send)
  File "/Users/elywright/Desktop/geocentric-main/.venv/lib/python3.9/site-packages/starlette/middleware/errors.py", line 186, in __call__
    raise exc
  File "/Users/elywright/Desktop/geocentric-main/.venv/lib/python3.9/site-packages/starlette/middleware/errors.py", line 164, in __call__
    await self.app(scope, receive, _send)
  File "/Users/elywright/Desktop/geocentric-main/.venv/lib/python3.9/site-packages/starlette/middleware/cors.py", line 85, in __call__
    await self.app(scope, receive, send)
  File "/Users/elywright/Desktop/geocentric-main/.venv/lib/python3.9/site-packages/starlette/middleware/exceptions.py", line 63, in __call__
    await wrap_app_handling_exceptions(self.app, conn)(scope, receive, send)
  File "/Users/elywright/Desktop/geocentric-main/.venv/lib/python3.9/site-packages/starlette/_exception_handler.py", line 53, in wrapped_app
    raise exc
  File "/Users/elywright/Desktop/geocentric-main/.venv/lib/python3.9/site-packages/starlette/_exception_handler.py", line 42, in wrapped_app
    await app(scope, receive, sender)
  File "/Users/elywright/Desktop/geocentric-main/.venv/lib/python3.9/site-packages/fastapi/middleware/asyncexitstack.py", line 18, in __call__
    await self.app(scope, receive, send)
  File "/Users/elywright/Desktop/geocentric-main/.venv/lib/python3.9/site-packages/starlette/routing.py", line 716, in __call__
    await self.middleware_stack(scope, receive, send)
  File "/Users/elywright/Desktop/geocentric-main/.venv/lib/python3.9/site-packages/starlette/routing.py", line 736, in app
    await route.handle(scope, receive, send)
  File "/Users/elywright/Desktop/geocentric-main/.venv/lib/python3.9/site-packages/starlette/routing.py", line 290, in handle
    await self.app(scope, receive, send)
  File "/Users/elywright/Desktop/geocentric-main/.venv/lib/python3.9/site-packages/fastapi/routing.py", line 121, in app
    await wrap_app_handling_exceptions(app, request)(scope, receive, send)
  File "/Users/elywright/Desktop/geocentric-main/.venv/lib/python3.9/site-packages/starlette/_exception_handler.py", line 53, in wrapped_app
    raise exc
  File "/Users/elywright/Desktop/geocentric-main/.venv/lib/python3.9/site-packages/starlette/_exception_handler.py", line 42, in wrapped_app
    await app(scope, receive, sender)
  File "/Users/elywright/Desktop/geocentric-main/.venv/lib/python3.9/site-packages/fastapi/routing.py", line 108, in app
    await response(scope, receive, send)
  File "/Users/elywright/Desktop/geocentric-main/.venv/lib/python3.9/site-packages/starlette/responses.py", line 277, in __call__
    await wrap(partial(self.listen_for_disconnect, receive))
  File "/Library/Developer/CommandLineTools/Library/Frameworks/Python3.framework/Versions/3.9/lib/python3.9/contextlib.py", line 135, in __exit__
    self.gen.throw(type, value, traceback)
  File "/Users/elywright/Desktop/geocentric-main/.venv/lib/python3.9/site-packages/starlette/_utils.py", line 85, in collapse_excgroups
    raise exc
  File "/Users/elywright/Desktop/geocentric-main/.venv/lib/python3.9/site-packages/starlette/responses.py", line 273, in wrap
    await func()
  File "/Users/elywright/Desktop/geocentric-main/.venv/lib/python3.9/site-packages/starlette/responses.py", line 253, in stream_response
    async for chunk in self.body_iterator:
  File "/Users/elywright/Desktop/geocentric-main/geocentric/server.py", line 5487, in event_stream_ollama
    usage_payload = build_usage_payload(max(1, len(prompt) // 4), max(1, len(accumulated) // 4))
NameError: free variable 'prompt' referenced before assignment in enclosing scope
INFO:     Shutting down
INFO:     Waiting for application shutdown.
INFO:     Application shutdown complete.
INFO:     Finished server process [35038]
/Users/elywright/Desktop/geocentric-main/.venv/lib/python3.9/site-packages/urllib3/__init__.py:35: NotOpenSSLWarning: urllib3 v2 only supports OpenSSL 1.1.1+, currently the 'ssl' module is compiled with 'LibreSSL 2.8.3'. See: https://github.com/urllib3/urllib3/issues/3020
  warnings.warn(
================================================================================
  STEP 1: SELECT THE PRIMARY MODEL TO RUN ON HOSTING (MAIN CHAT FALLBACK)
  (Note: You will select specialized Thinking and Instant models in the next steps!)
================================================================================
  [1] [OLLAMA] gemma4-agent:latest
  [2] [OLLAMA] gemma4-fast:latest
  [3] [OLLAMA] gemma4:12b-mlx
  [4] [OLLAMA] gemma4:latest
  [5] [OLLAMA] igorls/gemma-4-12B-it-heretic-GGUF:latest
  [6] [OLLAMA] qwen:latest
================================================================================
  -> Selected model to run: gemma4-agent:latest
================================================================================
  -> Thinking model configured: gemma4-agent:latest
  -> Instant model configured: gemma4:12b-mlx
================================================================================

================================================================================
Geocentric 2.1 runtime check
================================================================================
Platform: macOS-27.0-arm64-arm-64bit
Python: 3.9.6
PyTorch: 2.7.1
MPS built: True
MPS available: True
CUDA available: False
Selected device: mps
Selected dtype: torch.bfloat16
System memory total: 16.00 GB
System memory available: 4.97 GB
MPS probe mean: 8.0000
Mac GPU communication: OK
================================================================================
⏳ Cron Prompt Scheduler started.
================================================================================
  GEOCENTRIC 2.1 WEB SERVER OPERATIONAL
================================================================================
  - Local host access:   http://localhost:8000
  - Network device access: http://192.168.1.30:8000
  - Public tunnel URL:   requesting...
================================================================================
INFO:     Started server process [35446]
INFO:     Waiting for application startup.
INFO:     Application startup complete.
INFO:     Uvicorn running on http://0.0.0.0:8000 (Press CTRL+C to quit)
  - Public tunnel URL:   https://empty-buses-begin.loca.lt

ERROR:    Exception in ASGI application
  + Exception Group Traceback (most recent call last):
  |   File "/Users/elywright/Desktop/geocentric-main/.venv/lib/python3.9/site-packages/starlette/_utils.py", line 79, in collapse_excgroups
  |     yield
  |   File "/Users/elywright/Desktop/geocentric-main/.venv/lib/python3.9/site-packages/starlette/responses.py", line 277, in __call__
  |     await wrap(partial(self.listen_for_disconnect, receive))
  |   File "/Users/elywright/Desktop/geocentric-main/.venv/lib/python3.9/site-packages/anyio/_backends/_asyncio.py", line 783, in __aexit__
  |     raise BaseExceptionGroup(
  | exceptiongroup.ExceptionGroup: unhandled errors in a TaskGroup (1 sub-exception)
  +-+---------------- 1 ----------------
    | Traceback (most recent call last):
    |   File "/Users/elywright/Desktop/geocentric-main/.venv/lib/python3.9/site-packages/uvicorn/protocols/http/httptools_impl.py", line 415, in run_asgi
    |     result = await app(  # type: ignore[func-returns-value]
    |   File "/Users/elywright/Desktop/geocentric-main/.venv/lib/python3.9/site-packages/uvicorn/middleware/proxy_headers.py", line 60, in __call__
    |     return await self.app(scope, receive, send)
    |   File "/Users/elywright/Desktop/geocentric-main/.venv/lib/python3.9/site-packages/fastapi/applications.py", line 1138, in __call__
    |     await super().__call__(scope, receive, send)
    |   File "/Users/elywright/Desktop/geocentric-main/.venv/lib/python3.9/site-packages/starlette/applications.py", line 113, in __call__
    |     await self.middleware_stack(scope, receive, send)
    |   File "/Users/elywright/Desktop/geocentric-main/.venv/lib/python3.9/site-packages/starlette/middleware/errors.py", line 186, in __call__
    |     raise exc
    |   File "/Users/elywright/Desktop/geocentric-main/.venv/lib/python3.9/site-packages/starlette/middleware/errors.py", line 164, in __call__
    |     await self.app(scope, receive, _send)
    |   File "/Users/elywright/Desktop/geocentric-main/.venv/lib/python3.9/site-packages/starlette/middleware/cors.py", line 85, in __call__
    |     await self.app(scope, receive, send)
    |   File "/Users/elywright/Desktop/geocentric-main/.venv/lib/python3.9/site-packages/starlette/middleware/exceptions.py", line 63, in __call__
    |     await wrap_app_handling_exceptions(self.app, conn)(scope, receive, send)
    |   File "/Users/elywright/Desktop/geocentric-main/.venv/lib/python3.9/site-packages/starlette/_exception_handler.py", line 53, in wrapped_app
    |     raise exc
    |   File "/Users/elywright/Desktop/geocentric-main/.venv/lib/python3.9/site-packages/starlette/_exception_handler.py", line 42, in wrapped_app
    |     await app(scope, receive, sender)
    |   File "/Users/elywright/Desktop/geocentric-main/.venv/lib/python3.9/site-packages/fastapi/middleware/asyncexitstack.py", line 18, in __call__
    |     await self.app(scope, receive, send)
    |   File "/Users/elywright/Desktop/geocentric-main/.venv/lib/python3.9/site-packages/starlette/routing.py", line 716, in __call__
    |     await self.middleware_stack(scope, receive, send)
    |   File "/Users/elywright/Desktop/geocentric-main/.venv/lib/python3.9/site-packages/starlette/routing.py", line 736, in app
    |     await route.handle(scope, receive, send)
    |   File "/Users/elywright/Desktop/geocentric-main/.venv/lib/python3.9/site-packages/starlette/routing.py", line 290, in handle
    |     await self.app(scope, receive, send)
    |   File "/Users/elywright/Desktop/geocentric-main/.venv/lib/python3.9/site-packages/fastapi/routing.py", line 121, in app
    |     await wrap_app_handling_exceptions(app, request)(scope, receive, send)
    |   File "/Users/elywright/Desktop/geocentric-main/.venv/lib/python3.9/site-packages/starlette/_exception_handler.py", line 53, in wrapped_app
    |     raise exc
    |   File "/Users/elywright/Desktop/geocentric-main/.venv/lib/python3.9/site-packages/starlette/_exception_handler.py", line 42, in wrapped_app
    |     await app(scope, receive, sender)
    |   File "/Users/elywright/Desktop/geocentric-main/.venv/lib/python3.9/site-packages/fastapi/routing.py", line 108, in app
    |     await response(scope, receive, send)
    |   File "/Users/elywright/Desktop/geocentric-main/.venv/lib/python3.9/site-packages/starlette/responses.py", line 277, in __call__
    |     await wrap(partial(self.listen_for_disconnect, receive))
    |   File "/Library/Developer/CommandLineTools/Library/Frameworks/Python3.framework/Versions/3.9/lib/python3.9/contextlib.py", line 135, in __exit__
    |     self.gen.throw(type, value, traceback)
    |   File "/Users/elywright/Desktop/geocentric-main/.venv/lib/python3.9/site-packages/starlette/_utils.py", line 85, in collapse_excgroups
    |     raise exc
    |   File "/Users/elywright/Desktop/geocentric-main/.venv/lib/python3.9/site-packages/starlette/responses.py", line 273, in wrap
    |     await func()
    |   File "/Users/elywright/Desktop/geocentric-main/.venv/lib/python3.9/site-packages/starlette/responses.py", line 253, in stream_response
    |     async for chunk in self.body_iterator:
    |   File "/Users/elywright/Desktop/geocentric-main/geocentric/server.py", line 5487, in event_stream_ollama
    |     usage_payload = build_usage_payload(max(1, len(prompt) // 4), max(1, len(accumulated) // 4))
    | NameError: free variable 'prompt' referenced before assignment in enclosing scope
    +------------------------------------

During handling of the above exception, another exception occurred:

Traceback (most recent call last):
  File "/Users/elywright/Desktop/geocentric-main/.venv/lib/python3.9/site-packages/uvicorn/protocols/http/httptools_impl.py", line 415, in run_asgi
    result = await app(  # type: ignore[func-returns-value]
  File "/Users/elywright/Desktop/geocentric-main/.venv/lib/python3.9/site-packages/uvicorn/middleware/proxy_headers.py", line 60, in __call__
    return await self.app(scope, receive, send)
  File "/Users/elywright/Desktop/geocentric-main/.venv/lib/python3.9/site-packages/fastapi/applications.py", line 1138, in __call__
    await super().__call__(scope, receive, send)
  File "/Users/elywright/Desktop/geocentric-main/.venv/lib/python3.9/site-packages/starlette/applications.py", line 113, in __call__
    await self.middleware_stack(scope, receive, send)
  File "/Users/elywright/Desktop/geocentric-main/.venv/lib/python3.9/site-packages/starlette/middleware/errors.py", line 186, in __call__
    raise exc
  File "/Users/elywright/Desktop/geocentric-main/.venv/lib/python3.9/site-packages/starlette/middleware/errors.py", line 164, in __call__
    await self.app(scope, receive, _send)
  File "/Users/elywright/Desktop/geocentric-main/.venv/lib/python3.9/site-packages/starlette/middleware/cors.py", line 85, in __call__
    await self.app(scope, receive, send)
  File "/Users/elywright/Desktop/geocentric-main/.venv/lib/python3.9/site-packages/starlette/middleware/exceptions.py", line 63, in __call__
    await wrap_app_handling_exceptions(self.app, conn)(scope, receive, send)
  File "/Users/elywright/Desktop/geocentric-main/.venv/lib/python3.9/site-packages/starlette/_exception_handler.py", line 53, in wrapped_app
    raise exc
  File "/Users/elywright/Desktop/geocentric-main/.venv/lib/python3.9/site-packages/starlette/_exception_handler.py", line 42, in wrapped_app
    await app(scope, receive, sender)
  File "/Users/elywright/Desktop/geocentric-main/.venv/lib/python3.9/site-packages/fastapi/middleware/asyncexitstack.py", line 18, in __call__
    await self.app(scope, receive, send)
  File "/Users/elywright/Desktop/geocentric-main/.venv/lib/python3.9/site-packages/starlette/routing.py", line 716, in __call__
    await self.middleware_stack(scope, receive, send)
  File "/Users/elywright/Desktop/geocentric-main/.venv/lib/python3.9/site-packages/starlette/routing.py", line 736, in app
    await route.handle(scope, receive, send)
  File "/Users/elywright/Desktop/geocentric-main/.venv/lib/python3.9/site-packages/starlette/routing.py", line 290, in handle
    await self.app(scope, receive, send)
  File "/Users/elywright/Desktop/geocentric-main/.venv/lib/python3.9/site-packages/fastapi/routing.py", line 121, in app
    await wrap_app_handling_exceptions(app, request)(scope, receive, send)
  File "/Users/elywright/Desktop/geocentric-main/.venv/lib/python3.9/site-packages/starlette/_exception_handler.py", line 53, in wrapped_app
    raise exc
  File "/Users/elywright/Desktop/geocentric-main/.venv/lib/python3.9/site-packages/starlette/_exception_handler.py", line 42, in wrapped_app
    await app(scope, receive, sender)
  File "/Users/elywright/Desktop/geocentric-main/.venv/lib/python3.9/site-packages/fastapi/routing.py", line 108, in app
    await response(scope, receive, send)
  File "/Users/elywright/Desktop/geocentric-main/.venv/lib/python3.9/site-packages/starlette/responses.py", line 277, in __call__
    await wrap(partial(self.listen_for_disconnect, receive))
  File "/Library/Developer/CommandLineTools/Library/Frameworks/Python3.framework/Versions/3.9/lib/python3.9/contextlib.py", line 135, in __exit__
    self.gen.throw(type, value, traceback)
  File "/Users/elywright/Desktop/geocentric-main/.venv/lib/python3.9/site-packages/starlette/_utils.py", line 85, in collapse_excgroups
    raise exc
  File "/Users/elywright/Desktop/geocentric-main/.venv/lib/python3.9/site-packages/starlette/responses.py", line 273, in wrap
    await func()
  File "/Users/elywright/Desktop/geocentric-main/.venv/lib/python3.9/site-packages/starlette/responses.py", line 253, in stream_response
    async for chunk in self.body_iterator:
  File "/Users/elywright/Desktop/geocentric-main/geocentric/server.py", line 5487, in event_stream_ollama
    usage_payload = build_usage_payload(max(1, len(prompt) // 4), max(1, len(accumulated) // 4))
NameError: free variable 'prompt' referenced before assignment in enclosing scope

ERROR:    Exception in ASGI application
  + Exception Group Traceback (most recent call last):
  |   File "/Users/elywright/Desktop/geocentric-main/.venv/lib/python3.9/site-packages/starlette/_utils.py", line 79, in collapse_excgroups
  |     yield
  |   File "/Users/elywright/Desktop/geocentric-main/.venv/lib/python3.9/site-packages/starlette/responses.py", line 277, in __call__
  |     await wrap(partial(self.listen_for_disconnect, receive))
  |   File "/Users/elywright/Desktop/geocentric-main/.venv/lib/python3.9/site-packages/anyio/_backends/_asyncio.py", line 783, in __aexit__
  |     raise BaseExceptionGroup(
  | exceptiongroup.ExceptionGroup: unhandled errors in a TaskGroup (1 sub-exception)
  +-+---------------- 1 ----------------
    | Traceback (most recent call last):
    |   File "/Users/elywright/Desktop/geocentric-main/.venv/lib/python3.9/site-packages/uvicorn/protocols/http/httptools_impl.py", line 415, in run_asgi
    |     result = await app(  # type: ignore[func-returns-value]
    |   File "/Users/elywright/Desktop/geocentric-main/.venv/lib/python3.9/site-packages/uvicorn/middleware/proxy_headers.py", line 60, in __call__
    |     return await self.app(scope, receive, send)
    |   File "/Users/elywright/Desktop/geocentric-main/.venv/lib/python3.9/site-packages/fastapi/applications.py", line 1138, in __call__
    |     await super().__call__(scope, receive, send)
    |   File "/Users/elywright/Desktop/geocentric-main/.venv/lib/python3.9/site-packages/starlette/applications.py", line 113, in __call__
    |     await self.middleware_stack(scope, receive, send)
    |   File "/Users/elywright/Desktop/geocentric-main/.venv/lib/python3.9/site-packages/starlette/middleware/errors.py", line 186, in __call__
    |     raise exc
    |   File "/Users/elywright/Desktop/geocentric-main/.venv/lib/python3.9/site-packages/starlette/middleware/errors.py", line 164, in __call__
    |     await self.app(scope, receive, _send)
    |   File "/Users/elywright/Desktop/geocentric-main/.venv/lib/python3.9/site-packages/starlette/middleware/cors.py", line 85, in __call__
    |     await self.app(scope, receive, send)
    |   File "/Users/elywright/Desktop/geocentric-main/.venv/lib/python3.9/site-packages/starlette/middleware/exceptions.py", line 63, in __call__
    |     await wrap_app_handling_exceptions(self.app, conn)(scope, receive, send)
    |   File "/Users/elywright/Desktop/geocentric-main/.venv/lib/python3.9/site-packages/starlette/_exception_handler.py", line 53, in wrapped_app
    |     raise exc
    |   File "/Users/elywright/Desktop/geocentric-main/.venv/lib/python3.9/site-packages/starlette/_exception_handler.py", line 42, in wrapped_app
    |     await app(scope, receive, sender)
    |   File "/Users/elywright/Desktop/geocentric-main/.venv/lib/python3.9/site-packages/fastapi/middleware/asyncexitstack.py", line 18, in __call__
    |     await self.app(scope, receive, send)
    |   File "/Users/elywright/Desktop/geocentric-main/.venv/lib/python3.9/site-packages/starlette/routing.py", line 716, in __call__
    |     await self.middleware_stack(scope, receive, send)
    |   File "/Users/elywright/Desktop/geocentric-main/.venv/lib/python3.9/site-packages/starlette/routing.py", line 736, in app
    |     await route.handle(scope, receive, send)
    |   File "/Users/elywright/Desktop/geocentric-main/.venv/lib/python3.9/site-packages/starlette/routing.py", line 290, in handle
    |     await self.app(scope, receive, send)
    |   File "/Users/elywright/Desktop/geocentric-main/.venv/lib/python3.9/site-packages/fastapi/routing.py", line 121, in app
    |     await wrap_app_handling_exceptions(app, request)(scope, receive, send)
    |   File "/Users/elywright/Desktop/geocentric-main/.venv/lib/python3.9/site-packages/starlette/_exception_handler.py", line 53, in wrapped_app
    |     raise exc
    |   File "/Users/elywright/Desktop/geocentric-main/.venv/lib/python3.9/site-packages/starlette/_exception_handler.py", line 42, in wrapped_app
    |     await app(scope, receive, sender)
    |   File "/Users/elywright/Desktop/geocentric-main/.venv/lib/python3.9/site-packages/fastapi/routing.py", line 108, in app
    |     await response(scope, receive, send)
    |   File "/Users/elywright/Desktop/geocentric-main/.venv/lib/python3.9/site-packages/starlette/responses.py", line 277, in __call__
    |     await wrap(partial(self.listen_for_disconnect, receive))
    |   File "/Library/Developer/CommandLineTools/Library/Frameworks/Python3.framework/Versions/3.9/lib/python3.9/contextlib.py", line 135, in __exit__
    |     self.gen.throw(type, value, traceback)
    |   File "/Users/elywright/Desktop/geocentric-main/.venv/lib/python3.9/site-packages/starlette/_utils.py", line 85, in collapse_excgroups
    |     raise exc
    |   File "/Users/elywright/Desktop/geocentric-main/.venv/lib/python3.9/site-packages/starlette/responses.py", line 273, in wrap
    |     await func()
    |   File "/Users/elywright/Desktop/geocentric-main/.venv/lib/python3.9/site-packages/starlette/responses.py", line 253, in stream_response
    |     async for chunk in self.body_iterator:
    |   File "/Users/elywright/Desktop/geocentric-main/geocentric/server.py", line 5487, in event_stream_ollama
    |     usage_payload = build_usage_payload(max(1, len(prompt) // 4), max(1, len(accumulated) // 4))
    | NameError: free variable 'prompt' referenced before assignment in enclosing scope
    +------------------------------------

During handling of the above exception, another exception occurred:

Traceback (most recent call last):
  File "/Users/elywright/Desktop/geocentric-main/.venv/lib/python3.9/site-packages/uvicorn/protocols/http/httptools_impl.py", line 415, in run_asgi
    result = await app(  # type: ignore[func-returns-value]
  File "/Users/elywright/Desktop/geocentric-main/.venv/lib/python3.9/site-packages/uvicorn/middleware/proxy_headers.py", line 60, in __call__
    return await self.app(scope, receive, send)
  File "/Users/elywright/Desktop/geocentric-main/.venv/lib/python3.9/site-packages/fastapi/applications.py", line 1138, in __call__
    await super().__call__(scope, receive, send)
  File "/Users/elywright/Desktop/geocentric-main/.venv/lib/python3.9/site-packages/starlette/applications.py", line 113, in __call__
    await self.middleware_stack(scope, receive, send)
  File "/Users/elywright/Desktop/geocentric-main/.venv/lib/python3.9/site-packages/starlette/middleware/errors.py", line 186, in __call__
    raise exc
  File "/Users/elywright/Desktop/geocentric-main/.venv/lib/python3.9/site-packages/starlette/middleware/errors.py", line 164, in __call__
    await self.app(scope, receive, _send)
  File "/Users/elywright/Desktop/geocentric-main/.venv/lib/python3.9/site-packages/starlette/middleware/cors.py", line 85, in __call__
    await self.app(scope, receive, send)
  File "/Users/elywright/Desktop/geocentric-main/.venv/lib/python3.9/site-packages/starlette/middleware/exceptions.py", line 63, in __call__
    await wrap_app_handling_exceptions(self.app, conn)(scope, receive, send)
  File "/Users/elywright/Desktop/geocentric-main/.venv/lib/python3.9/site-packages/starlette/_exception_handler.py", line 53, in wrapped_app
    raise exc
  File "/Users/elywright/Desktop/geocentric-main/.venv/lib/python3.9/site-packages/starlette/_exception_handler.py", line 42, in wrapped_app
    await app(scope, receive, sender)
  File "/Users/elywright/Desktop/geocentric-main/.venv/lib/python3.9/site-packages/fastapi/middleware/asyncexitstack.py", line 18, in __call__
    await self.app(scope, receive, send)
  File "/Users/elywright/Desktop/geocentric-main/.venv/lib/python3.9/site-packages/starlette/routing.py", line 716, in __call__
    await self.middleware_stack(scope, receive, send)
  File "/Users/elywright/Desktop/geocentric-main/.venv/lib/python3.9/site-packages/starlette/routing.py", line 736, in app
    await route.handle(scope, receive, send)
  File "/Users/elywright/Desktop/geocentric-main/.venv/lib/python3.9/site-packages/starlette/routing.py", line 290, in handle
    await self.app(scope, receive, send)
  File "/Users/elywright/Desktop/geocentric-main/.venv/lib/python3.9/site-packages/fastapi/routing.py", line 121, in app
    await wrap_app_handling_exceptions(app, request)(scope, receive, send)
  File "/Users/elywright/Desktop/geocentric-main/.venv/lib/python3.9/site-packages/starlette/_exception_handler.py", line 53, in wrapped_app
    raise exc
  File "/Users/elywright/Desktop/geocentric-main/.venv/lib/python3.9/site-packages/starlette/_exception_handler.py", line 42, in wrapped_app
    await app(scope, receive, sender)
  File "/Users/elywright/Desktop/geocentric-main/.venv/lib/python3.9/site-packages/fastapi/routing.py", line 108, in app
    await response(scope, receive, send)
  File "/Users/elywright/Desktop/geocentric-main/.venv/lib/python3.9/site-packages/starlette/responses.py", line 277, in __call__
    await wrap(partial(self.listen_for_disconnect, receive))
  File "/Library/Developer/CommandLineTools/Library/Frameworks/Python3.framework/Versions/3.9/lib/python3.9/contextlib.py", line 135, in __exit__
    self.gen.throw(type, value, traceback)
  File "/Users/elywright/Desktop/geocentric-main/.venv/lib/python3.9/site-packages/starlette/_utils.py", line 85, in collapse_excgroups
    raise exc
  File "/Users/elywright/Desktop/geocentric-main/.venv/lib/python3.9/site-packages/starlette/responses.py", line 273, in wrap
    await func()
  File "/Users/elywright/Desktop/geocentric-main/.venv/lib/python3.9/site-packages/starlette/responses.py", line 253, in stream_response
    async for chunk in self.body_iterator:
  File "/Users/elywright/Desktop/geocentric-main/geocentric/server.py", line 5487, in event_stream_ollama
    usage_payload = build_usage_payload(max(1, len(prompt) // 4), max(1, len(accumulated) // 4))
NameError: free variable 'prompt' referenced before assignment in enclosing scope
INFO:     Shutting down
INFO:     Waiting for application shutdown.
INFO:     Application shutdown complete.
INFO:     Finished server process [35446]
/Users/elywright/Desktop/geocentric-main/.venv/lib/python3.9/site-packages/urllib3/__init__.py:35: NotOpenSSLWarning: urllib3 v2 only supports OpenSSL 1.1.1+, currently the 'ssl' module is compiled with 'LibreSSL 2.8.3'. See: https://github.com/urllib3/urllib3/issues/3020
  warnings.warn(
Added /Users/elywright/Desktop/geocentric-main/geocentric to /Users/elywright/.zshrc
================================================================================
  STEP 1: SELECT THE PRIMARY MODEL TO RUN ON HOSTING (MAIN CHAT FALLBACK)
  (Note: You will select specialized Thinking and Instant models in the next steps!)
================================================================================
  [1] [OLLAMA] gemma4-agent:latest
  [2] [OLLAMA] gemma4-fast:latest
  [3] [OLLAMA] gemma4:12b-mlx
  [4] [OLLAMA] gemma4:latest
  [5] [OLLAMA] igorls/gemma-4-12B-it-heretic-GGUF:latest
  [6] [OLLAMA] qwen:latest
================================================================================
  -> Selected model to run: gemma4-agent:latest
================================================================================
  -> Thinking model configured: gemma4-agent:latest
  -> Instant model configured: gemma4:12b-mlx
================================================================================

================================================================================
Geocentric 2.1 runtime check
================================================================================
Platform: macOS-27.0-arm64-arm-64bit
Python: 3.9.6
PyTorch: 2.7.1
MPS built: True
MPS available: True
CUDA available: False
Selected device: mps
Selected dtype: torch.bfloat16
System memory total: 16.00 GB
System memory available: 10.25 GB
MPS probe mean: 8.0000
Mac GPU communication: OK
================================================================================
⏳ Cron Prompt Scheduler started.
================================================================================
  GEOCENTRIC 2.1 WEB SERVER OPERATIONAL
================================================================================
  - Local host access:   http://localhost:8000
  - Network device access: http://192.168.1.30:8000
  - Public tunnel URL:   requesting...
================================================================================
INFO:     Started server process [36111]
INFO:     Waiting for application startup.
INFO:     Application startup complete.
INFO:     Uvicorn running on http://0.0.0.0:8000 (Press CTRL+C to quit)
  - Public tunnel URL:   https://calm-places-wink.loca.lt

ERROR:    Exception in ASGI application
  + Exception Group Traceback (most recent call last):
  |   File "/Users/elywright/Desktop/geocentric-main/.venv/lib/python3.9/site-packages/starlette/_utils.py", line 79, in collapse_excgroups
  |     yield
  |   File "/Users/elywright/Desktop/geocentric-main/.venv/lib/python3.9/site-packages/starlette/responses.py", line 277, in __call__
  |     await wrap(partial(self.listen_for_disconnect, receive))
  |   File "/Users/elywright/Desktop/geocentric-main/.venv/lib/python3.9/site-packages/anyio/_backends/_asyncio.py", line 783, in __aexit__
  |     raise BaseExceptionGroup(
  | exceptiongroup.ExceptionGroup: unhandled errors in a TaskGroup (1 sub-exception)
  +-+---------------- 1 ----------------
    | Traceback (most recent call last):
    |   File "/Users/elywright/Desktop/geocentric-main/.venv/lib/python3.9/site-packages/uvicorn/protocols/http/httptools_impl.py", line 415, in run_asgi
    |     result = await app(  # type: ignore[func-returns-value]
    |   File "/Users/elywright/Desktop/geocentric-main/.venv/lib/python3.9/site-packages/uvicorn/middleware/proxy_headers.py", line 60, in __call__
    |     return await self.app(scope, receive, send)
    |   File "/Users/elywright/Desktop/geocentric-main/.venv/lib/python3.9/site-packages/fastapi/applications.py", line 1138, in __call__
    |     await super().__call__(scope, receive, send)
    |   File "/Users/elywright/Desktop/geocentric-main/.venv/lib/python3.9/site-packages/starlette/applications.py", line 113, in __call__
    |     await self.middleware_stack(scope, receive, send)
    |   File "/Users/elywright/Desktop/geocentric-main/.venv/lib/python3.9/site-packages/starlette/middleware/errors.py", line 186, in __call__
    |     raise exc
    |   File "/Users/elywright/Desktop/geocentric-main/.venv/lib/python3.9/site-packages/starlette/middleware/errors.py", line 164, in __call__
    |     await self.app(scope, receive, _send)
    |   File "/Users/elywright/Desktop/geocentric-main/.venv/lib/python3.9/site-packages/starlette/middleware/cors.py", line 85, in __call__
    |     await self.app(scope, receive, send)
    |   File "/Users/elywright/Desktop/geocentric-main/.venv/lib/python3.9/site-packages/starlette/middleware/exceptions.py", line 63, in __call__
    |     await wrap_app_handling_exceptions(self.app, conn)(scope, receive, send)
    |   File "/Users/elywright/Desktop/geocentric-main/.venv/lib/python3.9/site-packages/starlette/_exception_handler.py", line 53, in wrapped_app
    |     raise exc
    |   File "/Users/elywright/Desktop/geocentric-main/.venv/lib/python3.9/site-packages/starlette/_exception_handler.py", line 42, in wrapped_app
    |     await app(scope, receive, sender)
    |   File "/Users/elywright/Desktop/geocentric-main/.venv/lib/python3.9/site-packages/fastapi/middleware/asyncexitstack.py", line 18, in __call__
    |     await self.app(scope, receive, send)
    |   File "/Users/elywright/Desktop/geocentric-main/.venv/lib/python3.9/site-packages/starlette/routing.py", line 716, in __call__
    |     await self.middleware_stack(scope, receive, send)
    |   File "/Users/elywright/Desktop/geocentric-main/.venv/lib/python3.9/site-packages/starlette/routing.py", line 736, in app
    |     await route.handle(scope, receive, send)
    |   File "/Users/elywright/Desktop/geocentric-main/.venv/lib/python3.9/site-packages/starlette/routing.py", line 290, in handle
    |     await self.app(scope, receive, send)
    |   File "/Users/elywright/Desktop/geocentric-main/.venv/lib/python3.9/site-packages/fastapi/routing.py", line 121, in app
    |     await wrap_app_handling_exceptions(app, request)(scope, receive, send)
    |   File "/Users/elywright/Desktop/geocentric-main/.venv/lib/python3.9/site-packages/starlette/_exception_handler.py", line 53, in wrapped_app
    |     raise exc
    |   File "/Users/elywright/Desktop/geocentric-main/.venv/lib/python3.9/site-packages/starlette/_exception_handler.py", line 42, in wrapped_app
    |     await app(scope, receive, sender)
    |   File "/Users/elywright/Desktop/geocentric-main/.venv/lib/python3.9/site-packages/fastapi/routing.py", line 108, in app
    |     await response(scope, receive, send)
    |   File "/Users/elywright/Desktop/geocentric-main/.venv/lib/python3.9/site-packages/starlette/responses.py", line 277, in __call__
    |     await wrap(partial(self.listen_for_disconnect, receive))
    |   File "/Library/Developer/CommandLineTools/Library/Frameworks/Python3.framework/Versions/3.9/lib/python3.9/contextlib.py", line 135, in __exit__
    |     self.gen.throw(type, value, traceback)
    |   File "/Users/elywright/Desktop/geocentric-main/.venv/lib/python3.9/site-packages/starlette/_utils.py", line 85, in collapse_excgroups
    |     raise exc
    |   File "/Users/elywright/Desktop/geocentric-main/.venv/lib/python3.9/site-packages/starlette/responses.py", line 273, in wrap
    |     await func()
    |   File "/Users/elywright/Desktop/geocentric-main/.venv/lib/python3.9/site-packages/starlette/responses.py", line 253, in stream_response
    |     async for chunk in self.body_iterator:
    |   File "/Users/elywright/Desktop/geocentric-main/geocentric/server.py", line 5487, in event_stream_ollama
    |     usage_payload = build_usage_payload(max(1, len(prompt) // 4), max(1, len(accumulated) // 4))
    | NameError: free variable 'prompt' referenced before assignment in enclosing scope
    +------------------------------------

During handling of the above exception, another exception occurred:

Traceback (most recent call last):
  File "/Users/elywright/Desktop/geocentric-main/.venv/lib/python3.9/site-packages/uvicorn/protocols/http/httptools_impl.py", line 415, in run_asgi
    result = await app(  # type: ignore[func-returns-value]
  File "/Users/elywright/Desktop/geocentric-main/.venv/lib/python3.9/site-packages/uvicorn/middleware/proxy_headers.py", line 60, in __call__
    return await self.app(scope, receive, send)
  File "/Users/elywright/Desktop/geocentric-main/.venv/lib/python3.9/site-packages/fastapi/applications.py", line 1138, in __call__
    await super().__call__(scope, receive, send)
  File "/Users/elywright/Desktop/geocentric-main/.venv/lib/python3.9/site-packages/starlette/applications.py", line 113, in __call__
    await self.middleware_stack(scope, receive, send)
  File "/Users/elywright/Desktop/geocentric-main/.venv/lib/python3.9/site-packages/starlette/middleware/errors.py", line 186, in __call__
    raise exc
  File "/Users/elywright/Desktop/geocentric-main/.venv/lib/python3.9/site-packages/starlette/middleware/errors.py", line 164, in __call__
    await self.app(scope, receive, _send)
  File "/Users/elywright/Desktop/geocentric-main/.venv/lib/python3.9/site-packages/starlette/middleware/cors.py", line 85, in __call__
    await self.app(scope, receive, send)
  File "/Users/elywright/Desktop/geocentric-main/.venv/lib/python3.9/site-packages/starlette/middleware/exceptions.py", line 63, in __call__
    await wrap_app_handling_exceptions(self.app, conn)(scope, receive, send)
  File "/Users/elywright/Desktop/geocentric-main/.venv/lib/python3.9/site-packages/starlette/_exception_handler.py", line 53, in wrapped_app
    raise exc
  File "/Users/elywright/Desktop/geocentric-main/.venv/lib/python3.9/site-packages/starlette/_exception_handler.py", line 42, in wrapped_app
    await app(scope, receive, sender)
  File "/Users/elywright/Desktop/geocentric-main/.venv/lib/python3.9/site-packages/fastapi/middleware/asyncexitstack.py", line 18, in __call__
    await self.app(scope, receive, send)
  File "/Users/elywright/Desktop/geocentric-main/.venv/lib/python3.9/site-packages/starlette/routing.py", line 716, in __call__
    await self.middleware_stack(scope, receive, send)
  File "/Users/elywright/Desktop/geocentric-main/.venv/lib/python3.9/site-packages/starlette/routing.py", line 736, in app
    await route.handle(scope, receive, send)
  File "/Users/elywright/Desktop/geocentric-main/.venv/lib/python3.9/site-packages/starlette/routing.py", line 290, in handle
    await self.app(scope, receive, send)
  File "/Users/elywright/Desktop/geocentric-main/.venv/lib/python3.9/site-packages/fastapi/routing.py", line 121, in app
    await wrap_app_handling_exceptions(app, request)(scope, receive, send)
  File "/Users/elywright/Desktop/geocentric-main/.venv/lib/python3.9/site-packages/starlette/_exception_handler.py", line 53, in wrapped_app
    raise exc
  File "/Users/elywright/Desktop/geocentric-main/.venv/lib/python3.9/site-packages/starlette/_exception_handler.py", line 42, in wrapped_app
    await app(scope, receive, sender)
  File "/Users/elywright/Desktop/geocentric-main/.venv/lib/python3.9/site-packages/fastapi/routing.py", line 108, in app
    await response(scope, receive, send)
  File "/Users/elywright/Desktop/geocentric-main/.venv/lib/python3.9/site-packages/starlette/responses.py", line 277, in __call__
    await wrap(partial(self.listen_for_disconnect, receive))
  File "/Library/Developer/CommandLineTools/Library/Frameworks/Python3.framework/Versions/3.9/lib/python3.9/contextlib.py", line 135, in __exit__
    self.gen.throw(type, value, traceback)
  File "/Users/elywright/Desktop/geocentric-main/.venv/lib/python3.9/site-packages/starlette/_utils.py", line 85, in collapse_excgroups
    raise exc
  File "/Users/elywright/Desktop/geocentric-main/.venv/lib/python3.9/site-packages/starlette/responses.py", line 273, in wrap
    await func()
  File "/Users/elywright/Desktop/geocentric-main/.venv/lib/python3.9/site-packages/starlette/responses.py", line 253, in stream_response
    async for chunk in self.body_iterator:
  File "/Users/elywright/Desktop/geocentric-main/geocentric/server.py", line 5487, in event_stream_ollama
    usage_payload = build_usage_payload(max(1, len(prompt) // 4), max(1, len(accumulated) // 4))
NameError: free variable 'prompt' referenced before assignment in enclosing scope

ERROR:    Exception in ASGI application
  + Exception Group Traceback (most recent call last):
  |   File "/Users/elywright/Desktop/geocentric-main/.venv/lib/python3.9/site-packages/starlette/_utils.py", line 79, in collapse_excgroups
  |     yield
  |   File "/Users/elywright/Desktop/geocentric-main/.venv/lib/python3.9/site-packages/starlette/responses.py", line 277, in __call__
  |     await wrap(partial(self.listen_for_disconnect, receive))
  |   File "/Users/elywright/Desktop/geocentric-main/.venv/lib/python3.9/site-packages/anyio/_backends/_asyncio.py", line 783, in __aexit__
  |     raise BaseExceptionGroup(
  | exceptiongroup.ExceptionGroup: unhandled errors in a TaskGroup (1 sub-exception)
  +-+---------------- 1 ----------------
    | Traceback (most recent call last):
    |   File "/Users/elywright/Desktop/geocentric-main/.venv/lib/python3.9/site-packages/uvicorn/protocols/http/httptools_impl.py", line 415, in run_asgi
    |     result = await app(  # type: ignore[func-returns-value]
    |   File "/Users/elywright/Desktop/geocentric-main/.venv/lib/python3.9/site-packages/uvicorn/middleware/proxy_headers.py", line 60, in __call__
    |     return await self.app(scope, receive, send)
    |   File "/Users/elywright/Desktop/geocentric-main/.venv/lib/python3.9/site-packages/fastapi/applications.py", line 1138, in __call__
    |     await super().__call__(scope, receive, send)
    |   File "/Users/elywright/Desktop/geocentric-main/.venv/lib/python3.9/site-packages/starlette/applications.py", line 113, in __call__
    |     await self.middleware_stack(scope, receive, send)
    |   File "/Users/elywright/Desktop/geocentric-main/.venv/lib/python3.9/site-packages/starlette/middleware/errors.py", line 186, in __call__
    |     raise exc
    |   File "/Users/elywright/Desktop/geocentric-main/.venv/lib/python3.9/site-packages/starlette/middleware/errors.py", line 164, in __call__
    |     await self.app(scope, receive, _send)
    |   File "/Users/elywright/Desktop/geocentric-main/.venv/lib/python3.9/site-packages/starlette/middleware/cors.py", line 85, in __call__
    |     await self.app(scope, receive, send)
    |   File "/Users/elywright/Desktop/geocentric-main/.venv/lib/python3.9/site-packages/starlette/middleware/exceptions.py", line 63, in __call__
    |     await wrap_app_handling_exceptions(self.app, conn)(scope, receive, send)
    |   File "/Users/elywright/Desktop/geocentric-main/.venv/lib/python3.9/site-packages/starlette/_exception_handler.py", line 53, in wrapped_app
    |     raise exc
    |   File "/Users/elywright/Desktop/geocentric-main/.venv/lib/python3.9/site-packages/starlette/_exception_handler.py", line 42, in wrapped_app
    |     await app(scope, receive, sender)
    |   File "/Users/elywright/Desktop/geocentric-main/.venv/lib/python3.9/site-packages/fastapi/middleware/asyncexitstack.py", line 18, in __call__
    |     await self.app(scope, receive, send)
    |   File "/Users/elywright/Desktop/geocentric-main/.venv/lib/python3.9/site-packages/starlette/routing.py", line 716, in __call__
    |     await self.middleware_stack(scope, receive, send)
    |   File "/Users/elywright/Desktop/geocentric-main/.venv/lib/python3.9/site-packages/starlette/routing.py", line 736, in app
    |     await route.handle(scope, receive, send)
    |   File "/Users/elywright/Desktop/geocentric-main/.venv/lib/python3.9/site-packages/starlette/routing.py", line 290, in handle
    |     await self.app(scope, receive, send)
    |   File "/Users/elywright/Desktop/geocentric-main/.venv/lib/python3.9/site-packages/fastapi/routing.py", line 121, in app
    |     await wrap_app_handling_exceptions(app, request)(scope, receive, send)
    |   File "/Users/elywright/Desktop/geocentric-main/.venv/lib/python3.9/site-packages/starlette/_exception_handler.py", line 53, in wrapped_app
    |     raise exc
    |   File "/Users/elywright/Desktop/geocentric-main/.venv/lib/python3.9/site-packages/starlette/_exception_handler.py", line 42, in wrapped_app
    |     await app(scope, receive, sender)
    |   File "/Users/elywright/Desktop/geocentric-main/.venv/lib/python3.9/site-packages/fastapi/routing.py", line 108, in app
    |     await response(scope, receive, send)
    |   File "/Users/elywright/Desktop/geocentric-main/.venv/lib/python3.9/site-packages/starlette/responses.py", line 277, in __call__
    |     await wrap(partial(self.listen_for_disconnect, receive))
    |   File "/Library/Developer/CommandLineTools/Library/Frameworks/Python3.framework/Versions/3.9/lib/python3.9/contextlib.py", line 135, in __exit__
    |     self.gen.throw(type, value, traceback)
    |   File "/Users/elywright/Desktop/geocentric-main/.venv/lib/python3.9/site-packages/starlette/_utils.py", line 85, in collapse_excgroups
    |     raise exc
    |   File "/Users/elywright/Desktop/geocentric-main/.venv/lib/python3.9/site-packages/starlette/responses.py", line 273, in wrap
    |     await func()
    |   File "/Users/elywright/Desktop/geocentric-main/.venv/lib/python3.9/site-packages/starlette/responses.py", line 253, in stream_response
    |     async for chunk in self.body_iterator:
    |   File "/Users/elywright/Desktop/geocentric-main/geocentric/server.py", line 5487, in event_stream_ollama
    |     usage_payload = build_usage_payload(max(1, len(prompt) // 4), max(1, len(accumulated) // 4))
    | NameError: free variable 'prompt' referenced before assignment in enclosing scope
    +------------------------------------

During handling of the above exception, another exception occurred:

Traceback (most recent call last):
  File "/Users/elywright/Desktop/geocentric-main/.venv/lib/python3.9/site-packages/uvicorn/protocols/http/httptools_impl.py", line 415, in run_asgi
    result = await app(  # type: ignore[func-returns-value]
  File "/Users/elywright/Desktop/geocentric-main/.venv/lib/python3.9/site-packages/uvicorn/middleware/proxy_headers.py", line 60, in __call__
    return await self.app(scope, receive, send)
  File "/Users/elywright/Desktop/geocentric-main/.venv/lib/python3.9/site-packages/fastapi/applications.py", line 1138, in __call__
    await super().__call__(scope, receive, send)
  File "/Users/elywright/Desktop/geocentric-main/.venv/lib/python3.9/site-packages/starlette/applications.py", line 113, in __call__
    await self.middleware_stack(scope, receive, send)
  File "/Users/elywright/Desktop/geocentric-main/.venv/lib/python3.9/site-packages/starlette/middleware/errors.py", line 186, in __call__
    raise exc
  File "/Users/elywright/Desktop/geocentric-main/.venv/lib/python3.9/site-packages/starlette/middleware/errors.py", line 164, in __call__
    await self.app(scope, receive, _send)
  File "/Users/elywright/Desktop/geocentric-main/.venv/lib/python3.9/site-packages/starlette/middleware/cors.py", line 85, in __call__
    await self.app(scope, receive, send)
  File "/Users/elywright/Desktop/geocentric-main/.venv/lib/python3.9/site-packages/starlette/middleware/exceptions.py", line 63, in __call__
    await wrap_app_handling_exceptions(self.app, conn)(scope, receive, send)
  File "/Users/elywright/Desktop/geocentric-main/.venv/lib/python3.9/site-packages/starlette/_exception_handler.py", line 53, in wrapped_app
    raise exc
  File "/Users/elywright/Desktop/geocentric-main/.venv/lib/python3.9/site-packages/starlette/_exception_handler.py", line 42, in wrapped_app
    await app(scope, receive, sender)
  File "/Users/elywright/Desktop/geocentric-main/.venv/lib/python3.9/site-packages/fastapi/middleware/asyncexitstack.py", line 18, in __call__
    await self.app(scope, receive, send)
  File "/Users/elywright/Desktop/geocentric-main/.venv/lib/python3.9/site-packages/starlette/routing.py", line 716, in __call__
    await self.middleware_stack(scope, receive, send)
  File "/Users/elywright/Desktop/geocentric-main/.venv/lib/python3.9/site-packages/starlette/routing.py", line 736, in app
    await route.handle(scope, receive, send)
  File "/Users/elywright/Desktop/geocentric-main/.venv/lib/python3.9/site-packages/starlette/routing.py", line 290, in handle
    await self.app(scope, receive, send)
  File "/Users/elywright/Desktop/geocentric-main/.venv/lib/python3.9/site-packages/fastapi/routing.py", line 121, in app
    await wrap_app_handling_exceptions(app, request)(scope, receive, send)
  File "/Users/elywright/Desktop/geocentric-main/.venv/lib/python3.9/site-packages/starlette/_exception_handler.py", line 53, in wrapped_app
    raise exc
  File "/Users/elywright/Desktop/geocentric-main/.venv/lib/python3.9/site-packages/starlette/_exception_handler.py", line 42, in wrapped_app
    await app(scope, receive, sender)
  File "/Users/elywright/Desktop/geocentric-main/.venv/lib/python3.9/site-packages/fastapi/routing.py", line 108, in app
    await response(scope, receive, send)
  File "/Users/elywright/Desktop/geocentric-main/.venv/lib/python3.9/site-packages/starlette/responses.py", line 277, in __call__
    await wrap(partial(self.listen_for_disconnect, receive))
  File "/Library/Developer/CommandLineTools/Library/Frameworks/Python3.framework/Versions/3.9/lib/python3.9/contextlib.py", line 135, in __exit__
    self.gen.throw(type, value, traceback)
  File "/Users/elywright/Desktop/geocentric-main/.venv/lib/python3.9/site-packages/starlette/_utils.py", line 85, in collapse_excgroups
    raise exc
  File "/Users/elywright/Desktop/geocentric-main/.venv/lib/python3.9/site-packages/starlette/responses.py", line 273, in wrap
    await func()
  File "/Users/elywright/Desktop/geocentric-main/.venv/lib/python3.9/site-packages/starlette/responses.py", line 253, in stream_response
    async for chunk in self.body_iterator:
  File "/Users/elywright/Desktop/geocentric-main/geocentric/server.py", line 5487, in event_stream_ollama
    usage_payload = build_usage_payload(max(1, len(prompt) // 4), max(1, len(accumulated) // 4))
NameError: free variable 'prompt' referenced before assignment in enclosing scope

ERROR:    Exception in ASGI application
  + Exception Group Traceback (most recent call last):
  |   File "/Users/elywright/Desktop/geocentric-main/.venv/lib/python3.9/site-packages/starlette/_utils.py", line 79, in collapse_excgroups
  |     yield
  |   File "/Users/elywright/Desktop/geocentric-main/.venv/lib/python3.9/site-packages/starlette/responses.py", line 277, in __call__
  |     await wrap(partial(self.listen_for_disconnect, receive))
  |   File "/Users/elywright/Desktop/geocentric-main/.venv/lib/python3.9/site-packages/anyio/_backends/_asyncio.py", line 783, in __aexit__
  |     raise BaseExceptionGroup(
  | exceptiongroup.ExceptionGroup: unhandled errors in a TaskGroup (1 sub-exception)
  +-+---------------- 1 ----------------
    | Traceback (most recent call last):
    |   File "/Users/elywright/Desktop/geocentric-main/.venv/lib/python3.9/site-packages/uvicorn/protocols/http/httptools_impl.py", line 415, in run_asgi
    |     result = await app(  # type: ignore[func-returns-value]
    |   File "/Users/elywright/Desktop/geocentric-main/.venv/lib/python3.9/site-packages/uvicorn/middleware/proxy_headers.py", line 60, in __call__
    |     return await self.app(scope, receive, send)
    |   File "/Users/elywright/Desktop/geocentric-main/.venv/lib/python3.9/site-packages/fastapi/applications.py", line 1138, in __call__
    |     await super().__call__(scope, receive, send)
    |   File "/Users/elywright/Desktop/geocentric-main/.venv/lib/python3.9/site-packages/starlette/applications.py", line 113, in __call__
    |     await self.middleware_stack(scope, receive, send)
    |   File "/Users/elywright/Desktop/geocentric-main/.venv/lib/python3.9/site-packages/starlette/middleware/errors.py", line 186, in __call__
    |     raise exc
    |   File "/Users/elywright/Desktop/geocentric-main/.venv/lib/python3.9/site-packages/starlette/middleware/errors.py", line 164, in __call__
    |     await self.app(scope, receive, _send)
    |   File "/Users/elywright/Desktop/geocentric-main/.venv/lib/python3.9/site-packages/starlette/middleware/cors.py", line 85, in __call__
    |     await self.app(scope, receive, send)
    |   File "/Users/elywright/Desktop/geocentric-main/.venv/lib/python3.9/site-packages/starlette/middleware/exceptions.py", line 63, in __call__
    |     await wrap_app_handling_exceptions(self.app, conn)(scope, receive, send)
    |   File "/Users/elywright/Desktop/geocentric-main/.venv/lib/python3.9/site-packages/starlette/_exception_handler.py", line 53, in wrapped_app
    |     raise exc
    |   File "/Users/elywright/Desktop/geocentric-main/.venv/lib/python3.9/site-packages/starlette/_exception_handler.py", line 42, in wrapped_app
    |     await app(scope, receive, sender)
    |   File "/Users/elywright/Desktop/geocentric-main/.venv/lib/python3.9/site-packages/fastapi/middleware/asyncexitstack.py", line 18, in __call__
    |     await self.app(scope, receive, send)
    |   File "/Users/elywright/Desktop/geocentric-main/.venv/lib/python3.9/site-packages/starlette/routing.py", line 716, in __call__
    |     await self.middleware_stack(scope, receive, send)
    |   File "/Users/elywright/Desktop/geocentric-main/.venv/lib/python3.9/site-packages/starlette/routing.py", line 736, in app
    |     await route.handle(scope, receive, send)
    |   File "/Users/elywright/Desktop/geocentric-main/.venv/lib/python3.9/site-packages/starlette/routing.py", line 290, in handle
    |     await self.app(scope, receive, send)
    |   File "/Users/elywright/Desktop/geocentric-main/.venv/lib/python3.9/site-packages/fastapi/routing.py", line 121, in app
    |     await wrap_app_handling_exceptions(app, request)(scope, receive, send)
    |   File "/Users/elywright/Desktop/geocentric-main/.venv/lib/python3.9/site-packages/starlette/_exception_handler.py", line 53, in wrapped_app
    |     raise exc
    |   File "/Users/elywright/Desktop/geocentric-main/.venv/lib/python3.9/site-packages/starlette/_exception_handler.py", line 42, in wrapped_app
    |     await app(scope, receive, sender)
    |   File "/Users/elywright/Desktop/geocentric-main/.venv/lib/python3.9/site-packages/fastapi/routing.py", line 108, in app
    |     await response(scope, receive, send)
    |   File "/Users/elywright/Desktop/geocentric-main/.venv/lib/python3.9/site-packages/starlette/responses.py", line 277, in __call__
    |     await wrap(partial(self.listen_for_disconnect, receive))
    |   File "/Library/Developer/CommandLineTools/Library/Frameworks/Python3.framework/Versions/3.9/lib/python3.9/contextlib.py", line 135, in __exit__
    |     self.gen.throw(type, value, traceback)
    |   File "/Users/elywright/Desktop/geocentric-main/.venv/lib/python3.9/site-packages/starlette/_utils.py", line 85, in collapse_excgroups
    |     raise exc
    |   File "/Users/elywright/Desktop/geocentric-main/.venv/lib/python3.9/site-packages/starlette/responses.py", line 273, in wrap
    |     await func()
    |   File "/Users/elywright/Desktop/geocentric-main/.venv/lib/python3.9/site-packages/starlette/responses.py", line 253, in stream_response
    |     async for chunk in self.body_iterator:
    |   File "/Users/elywright/Desktop/geocentric-main/geocentric/server.py", line 5487, in event_stream_ollama
    |     usage_payload = build_usage_payload(max(1, len(prompt) // 4), max(1, len(accumulated) // 4))
    | NameError: free variable 'prompt' referenced before assignment in enclosing scope
    +------------------------------------

During handling of the above exception, another exception occurred:

Traceback (most recent call last):
  File "/Users/elywright/Desktop/geocentric-main/.venv/lib/python3.9/site-packages/uvicorn/protocols/http/httptools_impl.py", line 415, in run_asgi
    result = await app(  # type: ignore[func-returns-value]
  File "/Users/elywright/Desktop/geocentric-main/.venv/lib/python3.9/site-packages/uvicorn/middleware/proxy_headers.py", line 60, in __call__
    return await self.app(scope, receive, send)
  File "/Users/elywright/Desktop/geocentric-main/.venv/lib/python3.9/site-packages/fastapi/applications.py", line 1138, in __call__
    await super().__call__(scope, receive, send)
  File "/Users/elywright/Desktop/geocentric-main/.venv/lib/python3.9/site-packages/starlette/applications.py", line 113, in __call__
    await self.middleware_stack(scope, receive, send)
  File "/Users/elywright/Desktop/geocentric-main/.venv/lib/python3.9/site-packages/starlette/middleware/errors.py", line 186, in __call__
    raise exc
  File "/Users/elywright/Desktop/geocentric-main/.venv/lib/python3.9/site-packages/starlette/middleware/errors.py", line 164, in __call__
    await self.app(scope, receive, _send)
  File "/Users/elywright/Desktop/geocentric-main/.venv/lib/python3.9/site-packages/starlette/middleware/cors.py", line 85, in __call__
    await self.app(scope, receive, send)
  File "/Users/elywright/Desktop/geocentric-main/.venv/lib/python3.9/site-packages/starlette/middleware/exceptions.py", line 63, in __call__
    await wrap_app_handling_exceptions(self.app, conn)(scope, receive, send)
  File "/Users/elywright/Desktop/geocentric-main/.venv/lib/python3.9/site-packages/starlette/_exception_handler.py", line 53, in wrapped_app
    raise exc
  File "/Users/elywright/Desktop/geocentric-main/.venv/lib/python3.9/site-packages/starlette/_exception_handler.py", line 42, in wrapped_app
    await app(scope, receive, sender)
  File "/Users/elywright/Desktop/geocentric-main/.venv/lib/python3.9/site-packages/fastapi/middleware/asyncexitstack.py", line 18, in __call__
    await self.app(scope, receive, send)
  File "/Users/elywright/Desktop/geocentric-main/.venv/lib/python3.9/site-packages/starlette/routing.py", line 716, in __call__
    await self.middleware_stack(scope, receive, send)
  File "/Users/elywright/Desktop/geocentric-main/.venv/lib/python3.9/site-packages/starlette/routing.py", line 736, in app
    await route.handle(scope, receive, send)
  File "/Users/elywright/Desktop/geocentric-main/.venv/lib/python3.9/site-packages/starlette/routing.py", line 290, in handle
    await self.app(scope, receive, send)
  File "/Users/elywright/Desktop/geocentric-main/.venv/lib/python3.9/site-packages/fastapi/routing.py", line 121, in app
    await wrap_app_handling_exceptions(app, request)(scope, receive, send)
  File "/Users/elywright/Desktop/geocentric-main/.venv/lib/python3.9/site-packages/starlette/_exception_handler.py", line 53, in wrapped_app
    raise exc
  File "/Users/elywright/Desktop/geocentric-main/.venv/lib/python3.9/site-packages/starlette/_exception_handler.py", line 42, in wrapped_app
    await app(scope, receive, sender)
  File "/Users/elywright/Desktop/geocentric-main/.venv/lib/python3.9/site-packages/fastapi/routing.py", line 108, in app
    await response(scope, receive, send)
  File "/Users/elywright/Desktop/geocentric-main/.venv/lib/python3.9/site-packages/starlette/responses.py", line 277, in __call__
    await wrap(partial(self.listen_for_disconnect, receive))
  File "/Library/Developer/CommandLineTools/Library/Frameworks/Python3.framework/Versions/3.9/lib/python3.9/contextlib.py", line 135, in __exit__
    self.gen.throw(type, value, traceback)
  File "/Users/elywright/Desktop/geocentric-main/.venv/lib/python3.9/site-packages/starlette/_utils.py", line 85, in collapse_excgroups
    raise exc
  File "/Users/elywright/Desktop/geocentric-main/.venv/lib/python3.9/site-packages/starlette/responses.py", line 273, in wrap
    await func()
  File "/Users/elywright/Desktop/geocentric-main/.venv/lib/python3.9/site-packages/starlette/responses.py", line 253, in stream_response
    async for chunk in self.body_iterator:
  File "/Users/elywright/Desktop/geocentric-main/geocentric/server.py", line 5487, in event_stream_ollama
    usage_payload = build_usage_payload(max(1, len(prompt) // 4), max(1, len(accumulated) // 4))
NameError: free variable 'prompt' referenced before assignment in enclosing scope
INFO:     Shutting down
INFO:     Waiting for application shutdown.
INFO:     Application shutdown complete.
INFO:     Finished server process [36111]
/Users/elywright/Desktop/geocentric-main/.venv/lib/python3.9/site-packages/urllib3/__init__.py:35: NotOpenSSLWarning: urllib3 v2 only supports OpenSSL 1.1.1+, currently the 'ssl' module is compiled with 'LibreSSL 2.8.3'. See: https://github.com/urllib3/urllib3/issues/3020
  warnings.warn(
================================================================================
  STEP 1: SELECT THE PRIMARY MODEL TO RUN ON HOSTING (MAIN CHAT FALLBACK)
  (Note: You will select specialized Thinking and Instant models in the next steps!)
================================================================================
  [1] [OLLAMA] gemma4-agent:latest
  [2] [OLLAMA] gemma4-fast:latest
  [3] [OLLAMA] gemma4:12b-mlx
  [4] [OLLAMA] gemma4:latest
  [5] [OLLAMA] igorls/gemma-4-12B-it-heretic-GGUF:latest
  [6] [OLLAMA] qwen:latest
================================================================================
  -> Selected model to run: gemma4-agent:latest
================================================================================
  -> Thinking model configured: gemma4-agent:latest
  -> Instant model configured: gemma4:12b-mlx
================================================================================

================================================================================
Geocentric 2.1 runtime check
================================================================================
Platform: macOS-27.0-arm64-arm-64bit
Python: 3.9.6
PyTorch: 2.7.1
MPS built: True
MPS available: True
CUDA available: False
Selected device: mps
Selected dtype: torch.bfloat16
System memory total: 16.00 GB
System memory available: 2.00 GB
MPS probe mean: 8.0000
Mac GPU communication: OK
================================================================================
⏳ Cron Prompt Scheduler started.
================================================================================
  GEOCENTRIC 2.1 WEB SERVER OPERATIONAL
================================================================================
  - Local host access:   http://localhost:8000
  - Network device access: http://192.168.1.30:8000
  - Public tunnel URL:   requesting...
================================================================================
INFO:     Started server process [36433]
INFO:     Waiting for application startup.
INFO:     Application startup complete.
INFO:     Uvicorn running on http://0.0.0.0:8000 (Press CTRL+C to quit)
  - Public tunnel URL:   https://cold-pans-itch.loca.lt

ERROR:    Exception in ASGI application
  + Exception Group Traceback (most recent call last):
  |   File "/Users/elywright/Desktop/geocentric-main/.venv/lib/python3.9/site-packages/starlette/_utils.py", line 79, in collapse_excgroups
  |     yield
  |   File "/Users/elywright/Desktop/geocentric-main/.venv/lib/python3.9/site-packages/starlette/responses.py", line 277, in __call__
  |     await wrap(partial(self.listen_for_disconnect, receive))
  |   File "/Users/elywright/Desktop/geocentric-main/.venv/lib/python3.9/site-packages/anyio/_backends/_asyncio.py", line 783, in __aexit__
  |     raise BaseExceptionGroup(
  | exceptiongroup.ExceptionGroup: unhandled errors in a TaskGroup (1 sub-exception)
  +-+---------------- 1 ----------------
    | Traceback (most recent call last):
    |   File "/Users/elywright/Desktop/geocentric-main/.venv/lib/python3.9/site-packages/uvicorn/protocols/http/httptools_impl.py", line 415, in run_asgi
    |     result = await app(  # type: ignore[func-returns-value]
    |   File "/Users/elywright/Desktop/geocentric-main/.venv/lib/python3.9/site-packages/uvicorn/middleware/proxy_headers.py", line 60, in __call__
    |     return await self.app(scope, receive, send)
    |   File "/Users/elywright/Desktop/geocentric-main/.venv/lib/python3.9/site-packages/fastapi/applications.py", line 1138, in __call__
    |     await super().__call__(scope, receive, send)
    |   File "/Users/elywright/Desktop/geocentric-main/.venv/lib/python3.9/site-packages/starlette/applications.py", line 113, in __call__
    |     await self.middleware_stack(scope, receive, send)
    |   File "/Users/elywright/Desktop/geocentric-main/.venv/lib/python3.9/site-packages/starlette/middleware/errors.py", line 186, in __call__
    |     raise exc
    |   File "/Users/elywright/Desktop/geocentric-main/.venv/lib/python3.9/site-packages/starlette/middleware/errors.py", line 164, in __call__
    |     await self.app(scope, receive, _send)
    |   File "/Users/elywright/Desktop/geocentric-main/.venv/lib/python3.9/site-packages/starlette/middleware/cors.py", line 85, in __call__
    |     await self.app(scope, receive, send)
    |   File "/Users/elywright/Desktop/geocentric-main/.venv/lib/python3.9/site-packages/starlette/middleware/exceptions.py", line 63, in __call__
    |     await wrap_app_handling_exceptions(self.app, conn)(scope, receive, send)
    |   File "/Users/elywright/Desktop/geocentric-main/.venv/lib/python3.9/site-packages/starlette/_exception_handler.py", line 53, in wrapped_app
    |     raise exc
    |   File "/Users/elywright/Desktop/geocentric-main/.venv/lib/python3.9/site-packages/starlette/_exception_handler.py", line 42, in wrapped_app
    |     await app(scope, receive, sender)
    |   File "/Users/elywright/Desktop/geocentric-main/.venv/lib/python3.9/site-packages/fastapi/middleware/asyncexitstack.py", line 18, in __call__
    |     await self.app(scope, receive, send)
    |   File "/Users/elywright/Desktop/geocentric-main/.venv/lib/python3.9/site-packages/starlette/routing.py", line 716, in __call__
    |     await self.middleware_stack(scope, receive, send)
    |   File "/Users/elywright/Desktop/geocentric-main/.venv/lib/python3.9/site-packages/starlette/routing.py", line 736, in app
    |     await route.handle(scope, receive, send)
    |   File "/Users/elywright/Desktop/geocentric-main/.venv/lib/python3.9/site-packages/starlette/routing.py", line 290, in handle
    |     await self.app(scope, receive, send)
    |   File "/Users/elywright/Desktop/geocentric-main/.venv/lib/python3.9/site-packages/fastapi/routing.py", line 121, in app
    |     await wrap_app_handling_exceptions(app, request)(scope, receive, send)
    |   File "/Users/elywright/Desktop/geocentric-main/.venv/lib/python3.9/site-packages/starlette/_exception_handler.py", line 53, in wrapped_app
    |     raise exc
    |   File "/Users/elywright/Desktop/geocentric-main/.venv/lib/python3.9/site-packages/starlette/_exception_handler.py", line 42, in wrapped_app
    |     await app(scope, receive, sender)
    |   File "/Users/elywright/Desktop/geocentric-main/.venv/lib/python3.9/site-packages/fastapi/routing.py", line 108, in app
    |     await response(scope, receive, send)
    |   File "/Users/elywright/Desktop/geocentric-main/.venv/lib/python3.9/site-packages/starlette/responses.py", line 277, in __call__
    |     await wrap(partial(self.listen_for_disconnect, receive))
    |   File "/Library/Developer/CommandLineTools/Library/Frameworks/Python3.framework/Versions/3.9/lib/python3.9/contextlib.py", line 135, in __exit__
    |     self.gen.throw(type, value, traceback)
    |   File "/Users/elywright/Desktop/geocentric-main/.venv/lib/python3.9/site-packages/starlette/_utils.py", line 85, in collapse_excgroups
    |     raise exc
    |   File "/Users/elywright/Desktop/geocentric-main/.venv/lib/python3.9/site-packages/starlette/responses.py", line 273, in wrap
    |     await func()
    |   File "/Users/elywright/Desktop/geocentric-main/.venv/lib/python3.9/site-packages/starlette/responses.py", line 253, in stream_response
    |     async for chunk in self.body_iterator:
    |   File "/Users/elywright/Desktop/geocentric-main/geocentric/server.py", line 5487, in event_stream_ollama
    |     usage_payload = build_usage_payload(max(1, len(prompt) // 4), max(1, len(accumulated) // 4))
    | NameError: free variable 'prompt' referenced before assignment in enclosing scope
    +------------------------------------

During handling of the above exception, another exception occurred:

Traceback (most recent call last):
  File "/Users/elywright/Desktop/geocentric-main/.venv/lib/python3.9/site-packages/uvicorn/protocols/http/httptools_impl.py", line 415, in run_asgi
    result = await app(  # type: ignore[func-returns-value]
  File "/Users/elywright/Desktop/geocentric-main/.venv/lib/python3.9/site-packages/uvicorn/middleware/proxy_headers.py", line 60, in __call__
    return await self.app(scope, receive, send)
  File "/Users/elywright/Desktop/geocentric-main/.venv/lib/python3.9/site-packages/fastapi/applications.py", line 1138, in __call__
    await super().__call__(scope, receive, send)
  File "/Users/elywright/Desktop/geocentric-main/.venv/lib/python3.9/site-packages/starlette/applications.py", line 113, in __call__
    await self.middleware_stack(scope, receive, send)
  File "/Users/elywright/Desktop/geocentric-main/.venv/lib/python3.9/site-packages/starlette/middleware/errors.py", line 186, in __call__
    raise exc
  File "/Users/elywright/Desktop/geocentric-main/.venv/lib/python3.9/site-packages/starlette/middleware/errors.py", line 164, in __call__
    await self.app(scope, receive, _send)
  File "/Users/elywright/Desktop/geocentric-main/.venv/lib/python3.9/site-packages/starlette/middleware/cors.py", line 85, in __call__
    await self.app(scope, receive, send)
  File "/Users/elywright/Desktop/geocentric-main/.venv/lib/python3.9/site-packages/starlette/middleware/exceptions.py", line 63, in __call__
    await wrap_app_handling_exceptions(self.app, conn)(scope, receive, send)
  File "/Users/elywright/Desktop/geocentric-main/.venv/lib/python3.9/site-packages/starlette/_exception_handler.py", line 53, in wrapped_app
    raise exc
  File "/Users/elywright/Desktop/geocentric-main/.venv/lib/python3.9/site-packages/starlette/_exception_handler.py", line 42, in wrapped_app
    await app(scope, receive, sender)
  File "/Users/elywright/Desktop/geocentric-main/.venv/lib/python3.9/site-packages/fastapi/middleware/asyncexitstack.py", line 18, in __call__
    await self.app(scope, receive, send)
  File "/Users/elywright/Desktop/geocentric-main/.venv/lib/python3.9/site-packages/starlette/routing.py", line 716, in __call__
    await self.middleware_stack(scope, receive, send)
  File "/Users/elywright/Desktop/geocentric-main/.venv/lib/python3.9/site-packages/starlette/routing.py", line 736, in app
    await route.handle(scope, receive, send)
  File "/Users/elywright/Desktop/geocentric-main/.venv/lib/python3.9/site-packages/starlette/routing.py", line 290, in handle
    await self.app(scope, receive, send)
  File "/Users/elywright/Desktop/geocentric-main/.venv/lib/python3.9/site-packages/fastapi/routing.py", line 121, in app
    await wrap_app_handling_exceptions(app, request)(scope, receive, send)
  File "/Users/elywright/Desktop/geocentric-main/.venv/lib/python3.9/site-packages/starlette/_exception_handler.py", line 53, in wrapped_app
    raise exc
  File "/Users/elywright/Desktop/geocentric-main/.venv/lib/python3.9/site-packages/starlette/_exception_handler.py", line 42, in wrapped_app
    await app(scope, receive, sender)
  File "/Users/elywright/Desktop/geocentric-main/.venv/lib/python3.9/site-packages/fastapi/routing.py", line 108, in app
    await response(scope, receive, send)
  File "/Users/elywright/Desktop/geocentric-main/.venv/lib/python3.9/site-packages/starlette/responses.py", line 277, in __call__
    await wrap(partial(self.listen_for_disconnect, receive))
  File "/Library/Developer/CommandLineTools/Library/Frameworks/Python3.framework/Versions/3.9/lib/python3.9/contextlib.py", line 135, in __exit__
    self.gen.throw(type, value, traceback)
  File "/Users/elywright/Desktop/geocentric-main/.venv/lib/python3.9/site-packages/starlette/_utils.py", line 85, in collapse_excgroups
    raise exc
  File "/Users/elywright/Desktop/geocentric-main/.venv/lib/python3.9/site-packages/starlette/responses.py", line 273, in wrap
    await func()
  File "/Users/elywright/Desktop/geocentric-main/.venv/lib/python3.9/site-packages/starlette/responses.py", line 253, in stream_response
    async for chunk in self.body_iterator:
  File "/Users/elywright/Desktop/geocentric-main/geocentric/server.py", line 5487, in event_stream_ollama
    usage_payload = build_usage_payload(max(1, len(prompt) // 4), max(1, len(accumulated) // 4))
NameError: free variable 'prompt' referenced before assignment in enclosing scope
INFO:     Shutting down
INFO:     Waiting for application shutdown.
INFO:     Application shutdown complete.
INFO:     Finished server process [36433]
/Users/elywright/Desktop/geocentric-main/.venv/lib/python3.9/site-packages/urllib3/__init__.py:35: NotOpenSSLWarning: urllib3 v2 only supports OpenSSL 1.1.1+, currently the 'ssl' module is compiled with 'LibreSSL 2.8.3'. See: https://github.com/urllib3/urllib3/issues/3020
  warnings.warn(
================================================================================
  STEP 1: SELECT THE PRIMARY MODEL TO RUN ON HOSTING (MAIN CHAT FALLBACK)
  (Note: You will select specialized Thinking and Instant models in the next steps!)
================================================================================
  [1] [OLLAMA] gemma4-agent:latest
  [2] [OLLAMA] gemma4-fast:latest
  [3] [OLLAMA] gemma4:12b-mlx
  [4] [OLLAMA] gemma4:latest
  [5] [OLLAMA] igorls/gemma-4-12B-it-heretic-GGUF:latest
  [6] [OLLAMA] qwen:latest
================================================================================
  -> Selected model to run: gemma4-agent:latest
================================================================================
  -> Thinking model configured: gemma4-agent:latest
  -> Instant model configured: gemma4:12b-mlx
================================================================================

================================================================================
Geocentric 2.1 runtime check
================================================================================
Platform: macOS-27.0-arm64-arm-64bit
Python: 3.9.6
PyTorch: 2.7.1
MPS built: True
MPS available: True
CUDA available: False
Selected device: mps
Selected dtype: torch.bfloat16
System memory total: 16.00 GB
System memory available: 10.14 GB
MPS probe mean: 8.0000
Mac GPU communication: OK
================================================================================
⏳ Cron Prompt Scheduler started.
================================================================================
  GEOCENTRIC 2.1 WEB SERVER OPERATIONAL
================================================================================
  - Local host access:   http://localhost:8000
  - Network device access: http://192.168.1.30:8000
  - Public tunnel URL:   requesting...
================================================================================
INFO:     Started server process [38845]
INFO:     Waiting for application startup.
INFO:     Application startup complete.
INFO:     Uvicorn running on http://0.0.0.0:8000 (Press CTRL+C to quit)
  - Public tunnel URL:   https://blue-rice-shine.loca.lt

ERROR:    Exception in ASGI application
  + Exception Group Traceback (most recent call last):
  |   File "/Users/elywright/Desktop/geocentric-main/.venv/lib/python3.9/site-packages/starlette/_utils.py", line 79, in collapse_excgroups
  |     yield
  |   File "/Users/elywright/Desktop/geocentric-main/.venv/lib/python3.9/site-packages/starlette/responses.py", line 277, in __call__
  |     await wrap(partial(self.listen_for_disconnect, receive))
  |   File "/Users/elywright/Desktop/geocentric-main/.venv/lib/python3.9/site-packages/anyio/_backends/_asyncio.py", line 783, in __aexit__
  |     raise BaseExceptionGroup(
  | exceptiongroup.ExceptionGroup: unhandled errors in a TaskGroup (1 sub-exception)
  +-+---------------- 1 ----------------
    | Traceback (most recent call last):
    |   File "/Users/elywright/Desktop/geocentric-main/.venv/lib/python3.9/site-packages/uvicorn/protocols/http/httptools_impl.py", line 415, in run_asgi
    |     result = await app(  # type: ignore[func-returns-value]
    |   File "/Users/elywright/Desktop/geocentric-main/.venv/lib/python3.9/site-packages/uvicorn/middleware/proxy_headers.py", line 60, in __call__
    |     return await self.app(scope, receive, send)
    |   File "/Users/elywright/Desktop/geocentric-main/.venv/lib/python3.9/site-packages/fastapi/applications.py", line 1138, in __call__
    |     await super().__call__(scope, receive, send)
    |   File "/Users/elywright/Desktop/geocentric-main/.venv/lib/python3.9/site-packages/starlette/applications.py", line 113, in __call__
    |     await self.middleware_stack(scope, receive, send)
    |   File "/Users/elywright/Desktop/geocentric-main/.venv/lib/python3.9/site-packages/starlette/middleware/errors.py", line 186, in __call__
    |     raise exc
    |   File "/Users/elywright/Desktop/geocentric-main/.venv/lib/python3.9/site-packages/starlette/middleware/errors.py", line 164, in __call__
    |     await self.app(scope, receive, _send)
    |   File "/Users/elywright/Desktop/geocentric-main/.venv/lib/python3.9/site-packages/starlette/middleware/cors.py", line 85, in __call__
    |     await self.app(scope, receive, send)
    |   File "/Users/elywright/Desktop/geocentric-main/.venv/lib/python3.9/site-packages/starlette/middleware/exceptions.py", line 63, in __call__
    |     await wrap_app_handling_exceptions(self.app, conn)(scope, receive, send)
    |   File "/Users/elywright/Desktop/geocentric-main/.venv/lib/python3.9/site-packages/starlette/_exception_handler.py", line 53, in wrapped_app
    |     raise exc
    |   File "/Users/elywright/Desktop/geocentric-main/.venv/lib/python3.9/site-packages/starlette/_exception_handler.py", line 42, in wrapped_app
    |     await app(scope, receive, sender)
    |   File "/Users/elywright/Desktop/geocentric-main/.venv/lib/python3.9/site-packages/fastapi/middleware/asyncexitstack.py", line 18, in __call__
    |     await self.app(scope, receive, send)
    |   File "/Users/elywright/Desktop/geocentric-main/.venv/lib/python3.9/site-packages/starlette/routing.py", line 716, in __call__
    |     await self.middleware_stack(scope, receive, send)
    |   File "/Users/elywright/Desktop/geocentric-main/.venv/lib/python3.9/site-packages/starlette/routing.py", line 736, in app
    |     await route.handle(scope, receive, send)
    |   File "/Users/elywright/Desktop/geocentric-main/.venv/lib/python3.9/site-packages/starlette/routing.py", line 290, in handle
    |     await self.app(scope, receive, send)
    |   File "/Users/elywright/Desktop/geocentric-main/.venv/lib/python3.9/site-packages/fastapi/routing.py", line 121, in app
    |     await wrap_app_handling_exceptions(app, request)(scope, receive, send)
    |   File "/Users/elywright/Desktop/geocentric-main/.venv/lib/python3.9/site-packages/starlette/_exception_handler.py", line 53, in wrapped_app
    |     raise exc
    |   File "/Users/elywright/Desktop/geocentric-main/.venv/lib/python3.9/site-packages/starlette/_exception_handler.py", line 42, in wrapped_app
    |     await app(scope, receive, sender)
    |   File "/Users/elywright/Desktop/geocentric-main/.venv/lib/python3.9/site-packages/fastapi/routing.py", line 108, in app
    |     await response(scope, receive, send)
    |   File "/Users/elywright/Desktop/geocentric-main/.venv/lib/python3.9/site-packages/starlette/responses.py", line 277, in __call__
    |     await wrap(partial(self.listen_for_disconnect, receive))
    |   File "/Library/Developer/CommandLineTools/Library/Frameworks/Python3.framework/Versions/3.9/lib/python3.9/contextlib.py", line 135, in __exit__
    |     self.gen.throw(type, value, traceback)
    |   File "/Users/elywright/Desktop/geocentric-main/.venv/lib/python3.9/site-packages/starlette/_utils.py", line 85, in collapse_excgroups
    |     raise exc
    |   File "/Users/elywright/Desktop/geocentric-main/.venv/lib/python3.9/site-packages/starlette/responses.py", line 273, in wrap
    |     await func()
    |   File "/Users/elywright/Desktop/geocentric-main/.venv/lib/python3.9/site-packages/starlette/responses.py", line 253, in stream_response
    |     async for chunk in self.body_iterator:
    |   File "/Users/elywright/Desktop/geocentric-main/geocentric/server.py", line 5487, in event_stream_ollama
    |     usage_payload = build_usage_payload(max(1, len(prompt) // 4), max(1, len(accumulated) // 4))
    | NameError: free variable 'prompt' referenced before assignment in enclosing scope
    +------------------------------------

During handling of the above exception, another exception occurred:

Traceback (most recent call last):
  File "/Users/elywright/Desktop/geocentric-main/.venv/lib/python3.9/site-packages/uvicorn/protocols/http/httptools_impl.py", line 415, in run_asgi
    result = await app(  # type: ignore[func-returns-value]
  File "/Users/elywright/Desktop/geocentric-main/.venv/lib/python3.9/site-packages/uvicorn/middleware/proxy_headers.py", line 60, in __call__
    return await self.app(scope, receive, send)
  File "/Users/elywright/Desktop/geocentric-main/.venv/lib/python3.9/site-packages/fastapi/applications.py", line 1138, in __call__
    await super().__call__(scope, receive, send)
  File "/Users/elywright/Desktop/geocentric-main/.venv/lib/python3.9/site-packages/starlette/applications.py", line 113, in __call__
    await self.middleware_stack(scope, receive, send)
  File "/Users/elywright/Desktop/geocentric-main/.venv/lib/python3.9/site-packages/starlette/middleware/errors.py", line 186, in __call__
    raise exc
  File "/Users/elywright/Desktop/geocentric-main/.venv/lib/python3.9/site-packages/starlette/middleware/errors.py", line 164, in __call__
    await self.app(scope, receive, _send)
  File "/Users/elywright/Desktop/geocentric-main/.venv/lib/python3.9/site-packages/starlette/middleware/cors.py", line 85, in __call__
    await self.app(scope, receive, send)
  File "/Users/elywright/Desktop/geocentric-main/.venv/lib/python3.9/site-packages/starlette/middleware/exceptions.py", line 63, in __call__
    await wrap_app_handling_exceptions(self.app, conn)(scope, receive, send)
  File "/Users/elywright/Desktop/geocentric-main/.venv/lib/python3.9/site-packages/starlette/_exception_handler.py", line 53, in wrapped_app
    raise exc
  File "/Users/elywright/Desktop/geocentric-main/.venv/lib/python3.9/site-packages/starlette/_exception_handler.py", line 42, in wrapped_app
    await app(scope, receive, sender)
  File "/Users/elywright/Desktop/geocentric-main/.venv/lib/python3.9/site-packages/fastapi/middleware/asyncexitstack.py", line 18, in __call__
    await self.app(scope, receive, send)
  File "/Users/elywright/Desktop/geocentric-main/.venv/lib/python3.9/site-packages/starlette/routing.py", line 716, in __call__
    await self.middleware_stack(scope, receive, send)
  File "/Users/elywright/Desktop/geocentric-main/.venv/lib/python3.9/site-packages/starlette/routing.py", line 736, in app
    await route.handle(scope, receive, send)
  File "/Users/elywright/Desktop/geocentric-main/.venv/lib/python3.9/site-packages/starlette/routing.py", line 290, in handle
    await self.app(scope, receive, send)
  File "/Users/elywright/Desktop/geocentric-main/.venv/lib/python3.9/site-packages/fastapi/routing.py", line 121, in app
    await wrap_app_handling_exceptions(app, request)(scope, receive, send)
  File "/Users/elywright/Desktop/geocentric-main/.venv/lib/python3.9/site-packages/starlette/_exception_handler.py", line 53, in wrapped_app
    raise exc
  File "/Users/elywright/Desktop/geocentric-main/.venv/lib/python3.9/site-packages/starlette/_exception_handler.py", line 42, in wrapped_app
    await app(scope, receive, sender)
  File "/Users/elywright/Desktop/geocentric-main/.venv/lib/python3.9/site-packages/fastapi/routing.py", line 108, in app
    await response(scope, receive, send)
  File "/Users/elywright/Desktop/geocentric-main/.venv/lib/python3.9/site-packages/starlette/responses.py", line 277, in __call__
    await wrap(partial(self.listen_for_disconnect, receive))
  File "/Library/Developer/CommandLineTools/Library/Frameworks/Python3.framework/Versions/3.9/lib/python3.9/contextlib.py", line 135, in __exit__
    self.gen.throw(type, value, traceback)
  File "/Users/elywright/Desktop/geocentric-main/.venv/lib/python3.9/site-packages/starlette/_utils.py", line 85, in collapse_excgroups
    raise exc
  File "/Users/elywright/Desktop/geocentric-main/.venv/lib/python3.9/site-packages/starlette/responses.py", line 273, in wrap
    await func()
  File "/Users/elywright/Desktop/geocentric-main/.venv/lib/python3.9/site-packages/starlette/responses.py", line 253, in stream_response
    async for chunk in self.body_iterator:
  File "/Users/elywright/Desktop/geocentric-main/geocentric/server.py", line 5487, in event_stream_ollama
    usage_payload = build_usage_payload(max(1, len(prompt) // 4), max(1, len(accumulated) // 4))
NameError: free variable 'prompt' referenced before assignment in enclosing scope

ERROR:    Exception in ASGI application
  + Exception Group Traceback (most recent call last):
  |   File "/Users/elywright/Desktop/geocentric-main/.venv/lib/python3.9/site-packages/starlette/_utils.py", line 79, in collapse_excgroups
  |     yield
  |   File "/Users/elywright/Desktop/geocentric-main/.venv/lib/python3.9/site-packages/starlette/responses.py", line 277, in __call__
  |     await wrap(partial(self.listen_for_disconnect, receive))
  |   File "/Users/elywright/Desktop/geocentric-main/.venv/lib/python3.9/site-packages/anyio/_backends/_asyncio.py", line 783, in __aexit__
  |     raise BaseExceptionGroup(
  | exceptiongroup.ExceptionGroup: unhandled errors in a TaskGroup (1 sub-exception)
  +-+---------------- 1 ----------------
    | Traceback (most recent call last):
    |   File "/Users/elywright/Desktop/geocentric-main/.venv/lib/python3.9/site-packages/uvicorn/protocols/http/httptools_impl.py", line 415, in run_asgi
    |     result = await app(  # type: ignore[func-returns-value]
    |   File "/Users/elywright/Desktop/geocentric-main/.venv/lib/python3.9/site-packages/uvicorn/middleware/proxy_headers.py", line 60, in __call__
    |     return await self.app(scope, receive, send)
    |   File "/Users/elywright/Desktop/geocentric-main/.venv/lib/python3.9/site-packages/fastapi/applications.py", line 1138, in __call__
    |     await super().__call__(scope, receive, send)
    |   File "/Users/elywright/Desktop/geocentric-main/.venv/lib/python3.9/site-packages/starlette/applications.py", line 113, in __call__
    |     await self.middleware_stack(scope, receive, send)
    |   File "/Users/elywright/Desktop/geocentric-main/.venv/lib/python3.9/site-packages/starlette/middleware/errors.py", line 186, in __call__
    |     raise exc
    |   File "/Users/elywright/Desktop/geocentric-main/.venv/lib/python3.9/site-packages/starlette/middleware/errors.py", line 164, in __call__
    |     await self.app(scope, receive, _send)
    |   File "/Users/elywright/Desktop/geocentric-main/.venv/lib/python3.9/site-packages/starlette/middleware/cors.py", line 85, in __call__
    |     await self.app(scope, receive, send)
    |   File "/Users/elywright/Desktop/geocentric-main/.venv/lib/python3.9/site-packages/starlette/middleware/exceptions.py", line 63, in __call__
    |     await wrap_app_handling_exceptions(self.app, conn)(scope, receive, send)
    |   File "/Users/elywright/Desktop/geocentric-main/.venv/lib/python3.9/site-packages/starlette/_exception_handler.py", line 53, in wrapped_app
    |     raise exc
    |   File "/Users/elywright/Desktop/geocentric-main/.venv/lib/python3.9/site-packages/starlette/_exception_handler.py", line 42, in wrapped_app
    |     await app(scope, receive, sender)
    |   File "/Users/elywright/Desktop/geocentric-main/.venv/lib/python3.9/site-packages/fastapi/middleware/asyncexitstack.py", line 18, in __call__
    |     await self.app(scope, receive, send)
    |   File "/Users/elywright/Desktop/geocentric-main/.venv/lib/python3.9/site-packages/starlette/routing.py", line 716, in __call__
    |     await self.middleware_stack(scope, receive, send)
    |   File "/Users/elywright/Desktop/geocentric-main/.venv/lib/python3.9/site-packages/starlette/routing.py", line 736, in app
    |     await route.handle(scope, receive, send)
    |   File "/Users/elywright/Desktop/geocentric-main/.venv/lib/python3.9/site-packages/starlette/routing.py", line 290, in handle
    |     await self.app(scope, receive, send)
    |   File "/Users/elywright/Desktop/geocentric-main/.venv/lib/python3.9/site-packages/fastapi/routing.py", line 121, in app
    |     await wrap_app_handling_exceptions(app, request)(scope, receive, send)
    |   File "/Users/elywright/Desktop/geocentric-main/.venv/lib/python3.9/site-packages/starlette/_exception_handler.py", line 53, in wrapped_app
    |     raise exc
    |   File "/Users/elywright/Desktop/geocentric-main/.venv/lib/python3.9/site-packages/starlette/_exception_handler.py", line 42, in wrapped_app
    |     await app(scope, receive, sender)
    |   File "/Users/elywright/Desktop/geocentric-main/.venv/lib/python3.9/site-packages/fastapi/routing.py", line 108, in app
    |     await response(scope, receive, send)
    |   File "/Users/elywright/Desktop/geocentric-main/.venv/lib/python3.9/site-packages/starlette/responses.py", line 277, in __call__
    |     await wrap(partial(self.listen_for_disconnect, receive))
    |   File "/Library/Developer/CommandLineTools/Library/Frameworks/Python3.framework/Versions/3.9/lib/python3.9/contextlib.py", line 135, in __exit__
    |     self.gen.throw(type, value, traceback)
    |   File "/Users/elywright/Desktop/geocentric-main/.venv/lib/python3.9/site-packages/starlette/_utils.py", line 85, in collapse_excgroups
    |     raise exc
    |   File "/Users/elywright/Desktop/geocentric-main/.venv/lib/python3.9/site-packages/starlette/responses.py", line 273, in wrap
    |     await func()
    |   File "/Users/elywright/Desktop/geocentric-main/.venv/lib/python3.9/site-packages/starlette/responses.py", line 253, in stream_response
    |     async for chunk in self.body_iterator:
    |   File "/Users/elywright/Desktop/geocentric-main/geocentric/server.py", line 5487, in event_stream_ollama
    |     usage_payload = build_usage_payload(max(1, len(prompt) // 4), max(1, len(accumulated) // 4))
    | NameError: free variable 'prompt' referenced before assignment in enclosing scope
    +------------------------------------

During handling of the above exception, another exception occurred:

Traceback (most recent call last):
  File "/Users/elywright/Desktop/geocentric-main/.venv/lib/python3.9/site-packages/uvicorn/protocols/http/httptools_impl.py", line 415, in run_asgi
    result = await app(  # type: ignore[func-returns-value]
  File "/Users/elywright/Desktop/geocentric-main/.venv/lib/python3.9/site-packages/uvicorn/middleware/proxy_headers.py", line 60, in __call__
    return await self.app(scope, receive, send)
  File "/Users/elywright/Desktop/geocentric-main/.venv/lib/python3.9/site-packages/fastapi/applications.py", line 1138, in __call__
    await super().__call__(scope, receive, send)
  File "/Users/elywright/Desktop/geocentric-main/.venv/lib/python3.9/site-packages/starlette/applications.py", line 113, in __call__
    await self.middleware_stack(scope, receive, send)
  File "/Users/elywright/Desktop/geocentric-main/.venv/lib/python3.9/site-packages/starlette/middleware/errors.py", line 186, in __call__
    raise exc
  File "/Users/elywright/Desktop/geocentric-main/.venv/lib/python3.9/site-packages/starlette/middleware/errors.py", line 164, in __call__
    await self.app(scope, receive, _send)
  File "/Users/elywright/Desktop/geocentric-main/.venv/lib/python3.9/site-packages/starlette/middleware/cors.py", line 85, in __call__
    await self.app(scope, receive, send)
  File "/Users/elywright/Desktop/geocentric-main/.venv/lib/python3.9/site-packages/starlette/middleware/exceptions.py", line 63, in __call__
    await wrap_app_handling_exceptions(self.app, conn)(scope, receive, send)
  File "/Users/elywright/Desktop/geocentric-main/.venv/lib/python3.9/site-packages/starlette/_exception_handler.py", line 53, in wrapped_app
    raise exc
  File "/Users/elywright/Desktop/geocentric-main/.venv/lib/python3.9/site-packages/starlette/_exception_handler.py", line 42, in wrapped_app
    await app(scope, receive, sender)
  File "/Users/elywright/Desktop/geocentric-main/.venv/lib/python3.9/site-packages/fastapi/middleware/asyncexitstack.py", line 18, in __call__
    await self.app(scope, receive, send)
  File "/Users/elywright/Desktop/geocentric-main/.venv/lib/python3.9/site-packages/starlette/routing.py", line 716, in __call__
    await self.middleware_stack(scope, receive, send)
  File "/Users/elywright/Desktop/geocentric-main/.venv/lib/python3.9/site-packages/starlette/routing.py", line 736, in app
    await route.handle(scope, receive, send)
  File "/Users/elywright/Desktop/geocentric-main/.venv/lib/python3.9/site-packages/starlette/routing.py", line 290, in handle
    await self.app(scope, receive, send)
  File "/Users/elywright/Desktop/geocentric-main/.venv/lib/python3.9/site-packages/fastapi/routing.py", line 121, in app
    await wrap_app_handling_exceptions(app, request)(scope, receive, send)
  File "/Users/elywright/Desktop/geocentric-main/.venv/lib/python3.9/site-packages/starlette/_exception_handler.py", line 53, in wrapped_app
    raise exc
  File "/Users/elywright/Desktop/geocentric-main/.venv/lib/python3.9/site-packages/starlette/_exception_handler.py", line 42, in wrapped_app
    await app(scope, receive, sender)
  File "/Users/elywright/Desktop/geocentric-main/.venv/lib/python3.9/site-packages/fastapi/routing.py", line 108, in app
    await response(scope, receive, send)
  File "/Users/elywright/Desktop/geocentric-main/.venv/lib/python3.9/site-packages/starlette/responses.py", line 277, in __call__
    await wrap(partial(self.listen_for_disconnect, receive))
  File "/Library/Developer/CommandLineTools/Library/Frameworks/Python3.framework/Versions/3.9/lib/python3.9/contextlib.py", line 135, in __exit__
    self.gen.throw(type, value, traceback)
  File "/Users/elywright/Desktop/geocentric-main/.venv/lib/python3.9/site-packages/starlette/_utils.py", line 85, in collapse_excgroups
    raise exc
  File "/Users/elywright/Desktop/geocentric-main/.venv/lib/python3.9/site-packages/starlette/responses.py", line 273, in wrap
    await func()
  File "/Users/elywright/Desktop/geocentric-main/.venv/lib/python3.9/site-packages/starlette/responses.py", line 253, in stream_response
    async for chunk in self.body_iterator:
  File "/Users/elywright/Desktop/geocentric-main/geocentric/server.py", line 5487, in event_stream_ollama
    usage_payload = build_usage_payload(max(1, len(prompt) // 4), max(1, len(accumulated) // 4))
NameError: free variable 'prompt' referenced before assignment in enclosing scope

ERROR:    Exception in ASGI application
  + Exception Group Traceback (most recent call last):
  |   File "/Users/elywright/Desktop/geocentric-main/.venv/lib/python3.9/site-packages/starlette/_utils.py", line 79, in collapse_excgroups
  |     yield
  |   File "/Users/elywright/Desktop/geocentric-main/.venv/lib/python3.9/site-packages/starlette/responses.py", line 277, in __call__
  |     await wrap(partial(self.listen_for_disconnect, receive))
  |   File "/Users/elywright/Desktop/geocentric-main/.venv/lib/python3.9/site-packages/anyio/_backends/_asyncio.py", line 783, in __aexit__
  |     raise BaseExceptionGroup(
  | exceptiongroup.ExceptionGroup: unhandled errors in a TaskGroup (1 sub-exception)
  +-+---------------- 1 ----------------
    | Traceback (most recent call last):
    |   File "/Users/elywright/Desktop/geocentric-main/.venv/lib/python3.9/site-packages/uvicorn/protocols/http/httptools_impl.py", line 415, in run_asgi
    |     result = await app(  # type: ignore[func-returns-value]
    |   File "/Users/elywright/Desktop/geocentric-main/.venv/lib/python3.9/site-packages/uvicorn/middleware/proxy_headers.py", line 60, in __call__
    |     return await self.app(scope, receive, send)
    |   File "/Users/elywright/Desktop/geocentric-main/.venv/lib/python3.9/site-packages/fastapi/applications.py", line 1138, in __call__
    |     await super().__call__(scope, receive, send)
    |   File "/Users/elywright/Desktop/geocentric-main/.venv/lib/python3.9/site-packages/starlette/applications.py", line 113, in __call__
    |     await self.middleware_stack(scope, receive, send)
    |   File "/Users/elywright/Desktop/geocentric-main/.venv/lib/python3.9/site-packages/starlette/middleware/errors.py", line 186, in __call__
    |     raise exc
    |   File "/Users/elywright/Desktop/geocentric-main/.venv/lib/python3.9/site-packages/starlette/middleware/errors.py", line 164, in __call__
    |     await self.app(scope, receive, _send)
    |   File "/Users/elywright/Desktop/geocentric-main/.venv/lib/python3.9/site-packages/starlette/middleware/cors.py", line 85, in __call__
    |     await self.app(scope, receive, send)
    |   File "/Users/elywright/Desktop/geocentric-main/.venv/lib/python3.9/site-packages/starlette/middleware/exceptions.py", line 63, in __call__
    |     await wrap_app_handling_exceptions(self.app, conn)(scope, receive, send)
    |   File "/Users/elywright/Desktop/geocentric-main/.venv/lib/python3.9/site-packages/starlette/_exception_handler.py", line 53, in wrapped_app
    |     raise exc
    |   File "/Users/elywright/Desktop/geocentric-main/.venv/lib/python3.9/site-packages/starlette/_exception_handler.py", line 42, in wrapped_app
    |     await app(scope, receive, sender)
    |   File "/Users/elywright/Desktop/geocentric-main/.venv/lib/python3.9/site-packages/fastapi/middleware/asyncexitstack.py", line 18, in __call__
    |     await self.app(scope, receive, send)
    |   File "/Users/elywright/Desktop/geocentric-main/.venv/lib/python3.9/site-packages/starlette/routing.py", line 716, in __call__
    |     await self.middleware_stack(scope, receive, send)
    |   File "/Users/elywright/Desktop/geocentric-main/.venv/lib/python3.9/site-packages/starlette/routing.py", line 736, in app
    |     await route.handle(scope, receive, send)
    |   File "/Users/elywright/Desktop/geocentric-main/.venv/lib/python3.9/site-packages/starlette/routing.py", line 290, in handle
    |     await self.app(scope, receive, send)
    |   File "/Users/elywright/Desktop/geocentric-main/.venv/lib/python3.9/site-packages/fastapi/routing.py", line 121, in app
    |     await wrap_app_handling_exceptions(app, request)(scope, receive, send)
    |   File "/Users/elywright/Desktop/geocentric-main/.venv/lib/python3.9/site-packages/starlette/_exception_handler.py", line 53, in wrapped_app
    |     raise exc
    |   File "/Users/elywright/Desktop/geocentric-main/.venv/lib/python3.9/site-packages/starlette/_exception_handler.py", line 42, in wrapped_app
    |     await app(scope, receive, sender)
    |   File "/Users/elywright/Desktop/geocentric-main/.venv/lib/python3.9/site-packages/fastapi/routing.py", line 108, in app
    |     await response(scope, receive, send)
    |   File "/Users/elywright/Desktop/geocentric-main/.venv/lib/python3.9/site-packages/starlette/responses.py", line 277, in __call__
    |     await wrap(partial(self.listen_for_disconnect, receive))
    |   File "/Library/Developer/CommandLineTools/Library/Frameworks/Python3.framework/Versions/3.9/lib/python3.9/contextlib.py", line 135, in __exit__
    |     self.gen.throw(type, value, traceback)
    |   File "/Users/elywright/Desktop/geocentric-main/.venv/lib/python3.9/site-packages/starlette/_utils.py", line 85, in collapse_excgroups
    |     raise exc
    |   File "/Users/elywright/Desktop/geocentric-main/.venv/lib/python3.9/site-packages/starlette/responses.py", line 273, in wrap
    |     await func()
    |   File "/Users/elywright/Desktop/geocentric-main/.venv/lib/python3.9/site-packages/starlette/responses.py", line 253, in stream_response
    |     async for chunk in self.body_iterator:
    |   File "/Users/elywright/Desktop/geocentric-main/geocentric/server.py", line 5487, in event_stream_ollama
    |     usage_payload = build_usage_payload(max(1, len(prompt) // 4), max(1, len(accumulated) // 4))
    | NameError: free variable 'prompt' referenced before assignment in enclosing scope
    +------------------------------------

During handling of the above exception, another exception occurred:

Traceback (most recent call last):
  File "/Users/elywright/Desktop/geocentric-main/.venv/lib/python3.9/site-packages/uvicorn/protocols/http/httptools_impl.py", line 415, in run_asgi
    result = await app(  # type: ignore[func-returns-value]
  File "/Users/elywright/Desktop/geocentric-main/.venv/lib/python3.9/site-packages/uvicorn/middleware/proxy_headers.py", line 60, in __call__
    return await self.app(scope, receive, send)
  File "/Users/elywright/Desktop/geocentric-main/.venv/lib/python3.9/site-packages/fastapi/applications.py", line 1138, in __call__
    await super().__call__(scope, receive, send)
  File "/Users/elywright/Desktop/geocentric-main/.venv/lib/python3.9/site-packages/starlette/applications.py", line 113, in __call__
    await self.middleware_stack(scope, receive, send)
  File "/Users/elywright/Desktop/geocentric-main/.venv/lib/python3.9/site-packages/starlette/middleware/errors.py", line 186, in __call__
    raise exc
  File "/Users/elywright/Desktop/geocentric-main/.venv/lib/python3.9/site-packages/starlette/middleware/errors.py", line 164, in __call__
    await self.app(scope, receive, _send)
  File "/Users/elywright/Desktop/geocentric-main/.venv/lib/python3.9/site-packages/starlette/middleware/cors.py", line 85, in __call__
    await self.app(scope, receive, send)
  File "/Users/elywright/Desktop/geocentric-main/.venv/lib/python3.9/site-packages/starlette/middleware/exceptions.py", line 63, in __call__
    await wrap_app_handling_exceptions(self.app, conn)(scope, receive, send)
  File "/Users/elywright/Desktop/geocentric-main/.venv/lib/python3.9/site-packages/starlette/_exception_handler.py", line 53, in wrapped_app
    raise exc
  File "/Users/elywright/Desktop/geocentric-main/.venv/lib/python3.9/site-packages/starlette/_exception_handler.py", line 42, in wrapped_app
    await app(scope, receive, sender)
  File "/Users/elywright/Desktop/geocentric-main/.venv/lib/python3.9/site-packages/fastapi/middleware/asyncexitstack.py", line 18, in __call__
    await self.app(scope, receive, send)
  File "/Users/elywright/Desktop/geocentric-main/.venv/lib/python3.9/site-packages/starlette/routing.py", line 716, in __call__
    await self.middleware_stack(scope, receive, send)
  File "/Users/elywright/Desktop/geocentric-main/.venv/lib/python3.9/site-packages/starlette/routing.py", line 736, in app
    await route.handle(scope, receive, send)
  File "/Users/elywright/Desktop/geocentric-main/.venv/lib/python3.9/site-packages/starlette/routing.py", line 290, in handle
    await self.app(scope, receive, send)
  File "/Users/elywright/Desktop/geocentric-main/.venv/lib/python3.9/site-packages/fastapi/routing.py", line 121, in app
    await wrap_app_handling_exceptions(app, request)(scope, receive, send)
  File "/Users/elywright/Desktop/geocentric-main/.venv/lib/python3.9/site-packages/starlette/_exception_handler.py", line 53, in wrapped_app
    raise exc
  File "/Users/elywright/Desktop/geocentric-main/.venv/lib/python3.9/site-packages/starlette/_exception_handler.py", line 42, in wrapped_app
    await app(scope, receive, sender)
  File "/Users/elywright/Desktop/geocentric-main/.venv/lib/python3.9/site-packages/fastapi/routing.py", line 108, in app
    await response(scope, receive, send)
  File "/Users/elywright/Desktop/geocentric-main/.venv/lib/python3.9/site-packages/starlette/responses.py", line 277, in __call__
    await wrap(partial(self.listen_for_disconnect, receive))
  File "/Library/Developer/CommandLineTools/Library/Frameworks/Python3.framework/Versions/3.9/lib/python3.9/contextlib.py", line 135, in __exit__
    self.gen.throw(type, value, traceback)
  File "/Users/elywright/Desktop/geocentric-main/.venv/lib/python3.9/site-packages/starlette/_utils.py", line 85, in collapse_excgroups
    raise exc
  File "/Users/elywright/Desktop/geocentric-main/.venv/lib/python3.9/site-packages/starlette/responses.py", line 273, in wrap
    await func()
  File "/Users/elywright/Desktop/geocentric-main/.venv/lib/python3.9/site-packages/starlette/responses.py", line 253, in stream_response
    async for chunk in self.body_iterator:
  File "/Users/elywright/Desktop/geocentric-main/geocentric/server.py", line 5487, in event_stream_ollama
    usage_payload = build_usage_payload(max(1, len(prompt) // 4), max(1, len(accumulated) // 4))
NameError: free variable 'prompt' referenced before assignment in enclosing scope

INFO:     Shutting down
INFO:     Waiting for application shutdown.
INFO:     Application shutdown complete.
INFO:     Finished server process [38845]
/Users/elywright/Desktop/geocentric-main/.venv/lib/python3.9/site-packages/urllib3/__init__.py:35: NotOpenSSLWarning: urllib3 v2 only supports OpenSSL 1.1.1+, currently the 'ssl' module is compiled with 'LibreSSL 2.8.3'. See: https://github.com/urllib3/urllib3/issues/3020
  warnings.warn(
================================================================================
  STEP 1: SELECT THE PRIMARY MODEL TO RUN ON HOSTING (MAIN CHAT FALLBACK)
  (Note: You will select specialized Thinking and Instant models in the next steps!)
================================================================================
  [1] [OLLAMA] gemma4-agent:latest
  [2] [OLLAMA] gemma4-fast:latest
  [3] [OLLAMA] gemma4:12b-mlx
  [4] [OLLAMA] gemma4:latest
  [5] [OLLAMA] igorls/gemma-4-12B-it-heretic-GGUF:latest
  [6] [OLLAMA] qwen:latest
================================================================================
  -> Selected model to run: gemma4-agent:latest
================================================================================
  -> Thinking model configured: gemma4-agent:latest
  -> Instant model configured: gemma4:12b-mlx
================================================================================

================================================================================
Geocentric 2.1 runtime check
================================================================================
Platform: macOS-27.0-arm64-arm-64bit
Python: 3.9.6
PyTorch: 2.7.1
MPS built: True
MPS available: True
CUDA available: False
Selected device: mps
Selected dtype: torch.bfloat16
System memory total: 16.00 GB
System memory available: 2.13 GB
MPS probe mean: 8.0000
Mac GPU communication: OK
================================================================================
⏳ Cron Prompt Scheduler started.
================================================================================
  GEOCENTRIC 2.1 WEB SERVER OPERATIONAL
================================================================================
  - Local host access:   http://localhost:8000
  - Network device access: http://192.168.1.30:8000
  - Public tunnel URL:   requesting...
================================================================================
INFO:     Started server process [43026]
INFO:     Waiting for application startup.
INFO:     Application startup complete.
INFO:     Uvicorn running on http://0.0.0.0:8000 (Press CTRL+C to quit)
  - Public tunnel URL:   https://chatty-hoops-fail.loca.lt

ERROR:    Exception in ASGI application
  + Exception Group Traceback (most recent call last):
  |   File "/Users/elywright/Desktop/geocentric-main/.venv/lib/python3.9/site-packages/starlette/_utils.py", line 79, in collapse_excgroups
  |     yield
  |   File "/Users/elywright/Desktop/geocentric-main/.venv/lib/python3.9/site-packages/starlette/responses.py", line 277, in __call__
  |     await wrap(partial(self.listen_for_disconnect, receive))
  |   File "/Users/elywright/Desktop/geocentric-main/.venv/lib/python3.9/site-packages/anyio/_backends/_asyncio.py", line 783, in __aexit__
  |     raise BaseExceptionGroup(
  | exceptiongroup.ExceptionGroup: unhandled errors in a TaskGroup (1 sub-exception)
  +-+---------------- 1 ----------------
    | Traceback (most recent call last):
    |   File "/Users/elywright/Desktop/geocentric-main/.venv/lib/python3.9/site-packages/uvicorn/protocols/http/httptools_impl.py", line 415, in run_asgi
    |     result = await app(  # type: ignore[func-returns-value]
    |   File "/Users/elywright/Desktop/geocentric-main/.venv/lib/python3.9/site-packages/uvicorn/middleware/proxy_headers.py", line 60, in __call__
    |     return await self.app(scope, receive, send)
    |   File "/Users/elywright/Desktop/geocentric-main/.venv/lib/python3.9/site-packages/fastapi/applications.py", line 1138, in __call__
    |     await super().__call__(scope, receive, send)
    |   File "/Users/elywright/Desktop/geocentric-main/.venv/lib/python3.9/site-packages/starlette/applications.py", line 113, in __call__
    |     await self.middleware_stack(scope, receive, send)
    |   File "/Users/elywright/Desktop/geocentric-main/.venv/lib/python3.9/site-packages/starlette/middleware/errors.py", line 186, in __call__
    |     raise exc
    |   File "/Users/elywright/Desktop/geocentric-main/.venv/lib/python3.9/site-packages/starlette/middleware/errors.py", line 164, in __call__
    |     await self.app(scope, receive, _send)
    |   File "/Users/elywright/Desktop/geocentric-main/.venv/lib/python3.9/site-packages/starlette/middleware/cors.py", line 85, in __call__
    |     await self.app(scope, receive, send)
    |   File "/Users/elywright/Desktop/geocentric-main/.venv/lib/python3.9/site-packages/starlette/middleware/exceptions.py", line 63, in __call__
    |     await wrap_app_handling_exceptions(self.app, conn)(scope, receive, send)
    |   File "/Users/elywright/Desktop/geocentric-main/.venv/lib/python3.9/site-packages/starlette/_exception_handler.py", line 53, in wrapped_app
    |     raise exc
    |   File "/Users/elywright/Desktop/geocentric-main/.venv/lib/python3.9/site-packages/starlette/_exception_handler.py", line 42, in wrapped_app
    |     await app(scope, receive, sender)
    |   File "/Users/elywright/Desktop/geocentric-main/.venv/lib/python3.9/site-packages/fastapi/middleware/asyncexitstack.py", line 18, in __call__
    |     await self.app(scope, receive, send)
    |   File "/Users/elywright/Desktop/geocentric-main/.venv/lib/python3.9/site-packages/starlette/routing.py", line 716, in __call__
    |     await self.middleware_stack(scope, receive, send)
    |   File "/Users/elywright/Desktop/geocentric-main/.venv/lib/python3.9/site-packages/starlette/routing.py", line 736, in app
    |     await route.handle(scope, receive, send)
    |   File "/Users/elywright/Desktop/geocentric-main/.venv/lib/python3.9/site-packages/starlette/routing.py", line 290, in handle
    |     await self.app(scope, receive, send)
    |   File "/Users/elywright/Desktop/geocentric-main/.venv/lib/python3.9/site-packages/fastapi/routing.py", line 121, in app
    |     await wrap_app_handling_exceptions(app, request)(scope, receive, send)
    |   File "/Users/elywright/Desktop/geocentric-main/.venv/lib/python3.9/site-packages/starlette/_exception_handler.py", line 53, in wrapped_app
    |     raise exc
    |   File "/Users/elywright/Desktop/geocentric-main/.venv/lib/python3.9/site-packages/starlette/_exception_handler.py", line 42, in wrapped_app
    |     await app(scope, receive, sender)
    |   File "/Users/elywright/Desktop/geocentric-main/.venv/lib/python3.9/site-packages/fastapi/routing.py", line 108, in app
    |     await response(scope, receive, send)
    |   File "/Users/elywright/Desktop/geocentric-main/.venv/lib/python3.9/site-packages/starlette/responses.py", line 277, in __call__
    |     await wrap(partial(self.listen_for_disconnect, receive))
    |   File "/Library/Developer/CommandLineTools/Library/Frameworks/Python3.framework/Versions/3.9/lib/python3.9/contextlib.py", line 135, in __exit__
    |     self.gen.throw(type, value, traceback)
    |   File "/Users/elywright/Desktop/geocentric-main/.venv/lib/python3.9/site-packages/starlette/_utils.py", line 85, in collapse_excgroups
    |     raise exc
    |   File "/Users/elywright/Desktop/geocentric-main/.venv/lib/python3.9/site-packages/starlette/responses.py", line 273, in wrap
    |     await func()
    |   File "/Users/elywright/Desktop/geocentric-main/.venv/lib/python3.9/site-packages/starlette/responses.py", line 253, in stream_response
    |     async for chunk in self.body_iterator:
    |   File "/Users/elywright/Desktop/geocentric-main/geocentric/server.py", line 5487, in event_stream_ollama
    |     usage_payload = build_usage_payload(max(1, len(prompt) // 4), max(1, len(accumulated) // 4))
    | NameError: free variable 'prompt' referenced before assignment in enclosing scope
    +------------------------------------

During handling of the above exception, another exception occurred:

Traceback (most recent call last):
  File "/Users/elywright/Desktop/geocentric-main/.venv/lib/python3.9/site-packages/uvicorn/protocols/http/httptools_impl.py", line 415, in run_asgi
    result = await app(  # type: ignore[func-returns-value]
  File "/Users/elywright/Desktop/geocentric-main/.venv/lib/python3.9/site-packages/uvicorn/middleware/proxy_headers.py", line 60, in __call__
    return await self.app(scope, receive, send)
  File "/Users/elywright/Desktop/geocentric-main/.venv/lib/python3.9/site-packages/fastapi/applications.py", line 1138, in __call__
    await super().__call__(scope, receive, send)
  File "/Users/elywright/Desktop/geocentric-main/.venv/lib/python3.9/site-packages/starlette/applications.py", line 113, in __call__
    await self.middleware_stack(scope, receive, send)
  File "/Users/elywright/Desktop/geocentric-main/.venv/lib/python3.9/site-packages/starlette/middleware/errors.py", line 186, in __call__
    raise exc
  File "/Users/elywright/Desktop/geocentric-main/.venv/lib/python3.9/site-packages/starlette/middleware/errors.py", line 164, in __call__
    await self.app(scope, receive, _send)
  File "/Users/elywright/Desktop/geocentric-main/.venv/lib/python3.9/site-packages/starlette/middleware/cors.py", line 85, in __call__
    await self.app(scope, receive, send)
  File "/Users/elywright/Desktop/geocentric-main/.venv/lib/python3.9/site-packages/starlette/middleware/exceptions.py", line 63, in __call__
    await wrap_app_handling_exceptions(self.app, conn)(scope, receive, send)
  File "/Users/elywright/Desktop/geocentric-main/.venv/lib/python3.9/site-packages/starlette/_exception_handler.py", line 53, in wrapped_app
    raise exc
  File "/Users/elywright/Desktop/geocentric-main/.venv/lib/python3.9/site-packages/starlette/_exception_handler.py", line 42, in wrapped_app
    await app(scope, receive, sender)
  File "/Users/elywright/Desktop/geocentric-main/.venv/lib/python3.9/site-packages/fastapi/middleware/asyncexitstack.py", line 18, in __call__
    await self.app(scope, receive, send)
  File "/Users/elywright/Desktop/geocentric-main/.venv/lib/python3.9/site-packages/starlette/routing.py", line 716, in __call__
    await self.middleware_stack(scope, receive, send)
  File "/Users/elywright/Desktop/geocentric-main/.venv/lib/python3.9/site-packages/starlette/routing.py", line 736, in app
    await route.handle(scope, receive, send)
  File "/Users/elywright/Desktop/geocentric-main/.venv/lib/python3.9/site-packages/starlette/routing.py", line 290, in handle
    await self.app(scope, receive, send)
  File "/Users/elywright/Desktop/geocentric-main/.venv/lib/python3.9/site-packages/fastapi/routing.py", line 121, in app
    await wrap_app_handling_exceptions(app, request)(scope, receive, send)
  File "/Users/elywright/Desktop/geocentric-main/.venv/lib/python3.9/site-packages/starlette/_exception_handler.py", line 53, in wrapped_app
    raise exc
  File "/Users/elywright/Desktop/geocentric-main/.venv/lib/python3.9/site-packages/starlette/_exception_handler.py", line 42, in wrapped_app
    await app(scope, receive, sender)
  File "/Users/elywright/Desktop/geocentric-main/.venv/lib/python3.9/site-packages/fastapi/routing.py", line 108, in app
    await response(scope, receive, send)
  File "/Users/elywright/Desktop/geocentric-main/.venv/lib/python3.9/site-packages/starlette/responses.py", line 277, in __call__
    await wrap(partial(self.listen_for_disconnect, receive))
  File "/Library/Developer/CommandLineTools/Library/Frameworks/Python3.framework/Versions/3.9/lib/python3.9/contextlib.py", line 135, in __exit__
    self.gen.throw(type, value, traceback)
  File "/Users/elywright/Desktop/geocentric-main/.venv/lib/python3.9/site-packages/starlette/_utils.py", line 85, in collapse_excgroups
    raise exc
  File "/Users/elywright/Desktop/geocentric-main/.venv/lib/python3.9/site-packages/starlette/responses.py", line 273, in wrap
    await func()
  File "/Users/elywright/Desktop/geocentric-main/.venv/lib/python3.9/site-packages/starlette/responses.py", line 253, in stream_response
    async for chunk in self.body_iterator:
  File "/Users/elywright/Desktop/geocentric-main/geocentric/server.py", line 5487, in event_stream_ollama
    usage_payload = build_usage_payload(max(1, len(prompt) // 4), max(1, len(accumulated) // 4))
NameError: free variable 'prompt' referenced before assignment in enclosing scope
INFO:     Shutting down
INFO:     Waiting for application shutdown.
INFO:     Application shutdown complete.
INFO:     Finished server process [43026]
/Users/elywright/Desktop/geocentric-main/.venv/lib/python3.9/site-packages/urllib3/__init__.py:35: NotOpenSSLWarning: urllib3 v2 only supports OpenSSL 1.1.1+, currently the 'ssl' module is compiled with 'LibreSSL 2.8.3'. See: https://github.com/urllib3/urllib3/issues/3020
  warnings.warn(
================================================================================
  STEP 1: SELECT THE PRIMARY MODEL TO RUN ON HOSTING (MAIN CHAT FALLBACK)
  (Note: You will select specialized Thinking and Instant models in the next steps!)
================================================================================
  [1] [OLLAMA] gemma4-agent:latest
  [2] [OLLAMA] gemma4-fast:latest
  [3] [OLLAMA] gemma4:12b-mlx
  [4] [OLLAMA] gemma4:latest
  [5] [OLLAMA] igorls/gemma-4-12B-it-heretic-GGUF:latest
  [6] [OLLAMA] qwen:latest
================================================================================
  -> Selected model to run: gemma4-agent:latest
================================================================================
  -> Thinking model configured: gemma4-agent:latest
  -> Instant model configured: gemma4:12b-mlx
================================================================================

================================================================================
Geocentric 2.1 runtime check
================================================================================
Platform: macOS-27.0-arm64-arm-64bit
Python: 3.9.6
PyTorch: 2.7.1
MPS built: True
MPS available: True
CUDA available: False
Selected device: mps
Selected dtype: torch.bfloat16
System memory total: 16.00 GB
System memory available: 2.45 GB
MPS probe mean: 8.0000
Mac GPU communication: OK
================================================================================
⏳ Cron Prompt Scheduler started.
================================================================================
  GEOCENTRIC 2.1 WEB SERVER OPERATIONAL
================================================================================
  - Local host access:   http://localhost:8000
  - Network device access: http://192.168.1.30:8000
  - Public tunnel URL:   requesting...
================================================================================
INFO:     Started server process [43103]
INFO:     Waiting for application startup.
INFO:     Application startup complete.
INFO:     Uvicorn running on http://0.0.0.0:8000 (Press CTRL+C to quit)
  - Public tunnel URL:   https://tired-donkeys-brake.loca.lt
INFO:     Shutting down
INFO:     Waiting for application shutdown.
INFO:     Application shutdown complete.
INFO:     Finished server process [43103]
/Users/elywright/Desktop/geocentric-main/.venv/lib/python3.9/site-packages/urllib3/__init__.py:35: NotOpenSSLWarning: urllib3 v2 only supports OpenSSL 1.1.1+, currently the 'ssl' module is compiled with 'LibreSSL 2.8.3'. See: https://github.com/urllib3/urllib3/issues/3020
  warnings.warn(
================================================================================
  STEP 1: SELECT THE PRIMARY MODEL TO RUN ON HOSTING (MAIN CHAT FALLBACK)
  (Note: You will select specialized Thinking and Instant models in the next steps!)
================================================================================
  [1] [OLLAMA] gemma4-agent:latest
  [2] [OLLAMA] gemma4-fast:latest
  [3] [OLLAMA] gemma4:12b-mlx
  [4] [OLLAMA] gemma4:latest
  [5] [OLLAMA] igorls/gemma-4-12B-it-heretic-GGUF:latest
  [6] [OLLAMA] qwen:latest
================================================================================
  -> Selected model to run: gemma4-agent:latest
================================================================================
  -> Thinking model configured: gemma4-agent:latest
  -> Instant model configured: gemma4:12b-mlx
================================================================================

================================================================================
Geocentric 2.1 runtime check
================================================================================
Platform: macOS-27.0-arm64-arm-64bit
Python: 3.9.6
PyTorch: 2.7.1
MPS built: True
MPS available: True
CUDA available: False
Selected device: mps
Selected dtype: torch.bfloat16
System memory total: 16.00 GB
System memory available: 2.47 GB
MPS probe mean: 8.0000
Mac GPU communication: OK
================================================================================
⏳ Cron Prompt Scheduler started.
================================================================================
  GEOCENTRIC 2.1 WEB SERVER OPERATIONAL
================================================================================
  - Local host access:   http://localhost:8000
  - Network device access: http://192.168.1.30:8000
  - Public tunnel URL:   requesting...
================================================================================
INFO:     Started server process [43309]
INFO:     Waiting for application startup.
INFO:     Application startup complete.
INFO:     Uvicorn running on http://0.0.0.0:8000 (Press CTRL+C to quit)
  - Public tunnel URL:   https://blue-animals-rhyme.loca.lt

ERROR:    Exception in ASGI application
  + Exception Group Traceback (most recent call last):
  |   File "/Users/elywright/Desktop/geocentric-main/.venv/lib/python3.9/site-packages/starlette/_utils.py", line 79, in collapse_excgroups
  |     yield
  |   File "/Users/elywright/Desktop/geocentric-main/.venv/lib/python3.9/site-packages/starlette/responses.py", line 277, in __call__
  |     await wrap(partial(self.listen_for_disconnect, receive))
  |   File "/Users/elywright/Desktop/geocentric-main/.venv/lib/python3.9/site-packages/anyio/_backends/_asyncio.py", line 783, in __aexit__
  |     raise BaseExceptionGroup(
  | exceptiongroup.ExceptionGroup: unhandled errors in a TaskGroup (1 sub-exception)
  +-+---------------- 1 ----------------
    | Traceback (most recent call last):
    |   File "/Users/elywright/Desktop/geocentric-main/.venv/lib/python3.9/site-packages/uvicorn/protocols/http/httptools_impl.py", line 415, in run_asgi
    |     result = await app(  # type: ignore[func-returns-value]
    |   File "/Users/elywright/Desktop/geocentric-main/.venv/lib/python3.9/site-packages/uvicorn/middleware/proxy_headers.py", line 60, in __call__
    |     return await self.app(scope, receive, send)
    |   File "/Users/elywright/Desktop/geocentric-main/.venv/lib/python3.9/site-packages/fastapi/applications.py", line 1138, in __call__
    |     await super().__call__(scope, receive, send)
    |   File "/Users/elywright/Desktop/geocentric-main/.venv/lib/python3.9/site-packages/starlette/applications.py", line 113, in __call__
    |     await self.middleware_stack(scope, receive, send)
    |   File "/Users/elywright/Desktop/geocentric-main/.venv/lib/python3.9/site-packages/starlette/middleware/errors.py", line 186, in __call__
    |     raise exc
    |   File "/Users/elywright/Desktop/geocentric-main/.venv/lib/python3.9/site-packages/starlette/middleware/errors.py", line 164, in __call__
    |     await self.app(scope, receive, _send)
    |   File "/Users/elywright/Desktop/geocentric-main/.venv/lib/python3.9/site-packages/starlette/middleware/cors.py", line 85, in __call__
    |     await self.app(scope, receive, send)
    |   File "/Users/elywright/Desktop/geocentric-main/.venv/lib/python3.9/site-packages/starlette/middleware/exceptions.py", line 63, in __call__
    |     await wrap_app_handling_exceptions(self.app, conn)(scope, receive, send)
    |   File "/Users/elywright/Desktop/geocentric-main/.venv/lib/python3.9/site-packages/starlette/_exception_handler.py", line 53, in wrapped_app
    |     raise exc
    |   File "/Users/elywright/Desktop/geocentric-main/.venv/lib/python3.9/site-packages/starlette/_exception_handler.py", line 42, in wrapped_app
    |     await app(scope, receive, sender)
    |   File "/Users/elywright/Desktop/geocentric-main/.venv/lib/python3.9/site-packages/fastapi/middleware/asyncexitstack.py", line 18, in __call__
    |     await self.app(scope, receive, send)
    |   File "/Users/elywright/Desktop/geocentric-main/.venv/lib/python3.9/site-packages/starlette/routing.py", line 716, in __call__
    |     await self.middleware_stack(scope, receive, send)
    |   File "/Users/elywright/Desktop/geocentric-main/.venv/lib/python3.9/site-packages/starlette/routing.py", line 736, in app
    |     await route.handle(scope, receive, send)
    |   File "/Users/elywright/Desktop/geocentric-main/.venv/lib/python3.9/site-packages/starlette/routing.py", line 290, in handle
    |     await self.app(scope, receive, send)
    |   File "/Users/elywright/Desktop/geocentric-main/.venv/lib/python3.9/site-packages/fastapi/routing.py", line 121, in app
    |     await wrap_app_handling_exceptions(app, request)(scope, receive, send)
    |   File "/Users/elywright/Desktop/geocentric-main/.venv/lib/python3.9/site-packages/starlette/_exception_handler.py", line 53, in wrapped_app
    |     raise exc
    |   File "/Users/elywright/Desktop/geocentric-main/.venv/lib/python3.9/site-packages/starlette/_exception_handler.py", line 42, in wrapped_app
    |     await app(scope, receive, sender)
    |   File "/Users/elywright/Desktop/geocentric-main/.venv/lib/python3.9/site-packages/fastapi/routing.py", line 108, in app
    |     await response(scope, receive, send)
    |   File "/Users/elywright/Desktop/geocentric-main/.venv/lib/python3.9/site-packages/starlette/responses.py", line 277, in __call__
    |     await wrap(partial(self.listen_for_disconnect, receive))
    |   File "/Library/Developer/CommandLineTools/Library/Frameworks/Python3.framework/Versions/3.9/lib/python3.9/contextlib.py", line 135, in __exit__
    |     self.gen.throw(type, value, traceback)
    |   File "/Users/elywright/Desktop/geocentric-main/.venv/lib/python3.9/site-packages/starlette/_utils.py", line 85, in collapse_excgroups
    |     raise exc
    |   File "/Users/elywright/Desktop/geocentric-main/.venv/lib/python3.9/site-packages/starlette/responses.py", line 273, in wrap
    |     await func()
    |   File "/Users/elywright/Desktop/geocentric-main/.venv/lib/python3.9/site-packages/starlette/responses.py", line 253, in stream_response
    |     async for chunk in self.body_iterator:
    |   File "/Users/elywright/Desktop/geocentric-main/geocentric/server.py", line 5487, in event_stream_ollama
    |     usage_payload = build_usage_payload(max(1, len(prompt) // 4), max(1, len(accumulated) // 4))
    | NameError: free variable 'prompt' referenced before assignment in enclosing scope
    +------------------------------------

During handling of the above exception, another exception occurred:

Traceback (most recent call last):
  File "/Users/elywright/Desktop/geocentric-main/.venv/lib/python3.9/site-packages/uvicorn/protocols/http/httptools_impl.py", line 415, in run_asgi
    result = await app(  # type: ignore[func-returns-value]
  File "/Users/elywright/Desktop/geocentric-main/.venv/lib/python3.9/site-packages/uvicorn/middleware/proxy_headers.py", line 60, in __call__
    return await self.app(scope, receive, send)
  File "/Users/elywright/Desktop/geocentric-main/.venv/lib/python3.9/site-packages/fastapi/applications.py", line 1138, in __call__
    await super().__call__(scope, receive, send)
  File "/Users/elywright/Desktop/geocentric-main/.venv/lib/python3.9/site-packages/starlette/applications.py", line 113, in __call__
    await self.middleware_stack(scope, receive, send)
  File "/Users/elywright/Desktop/geocentric-main/.venv/lib/python3.9/site-packages/starlette/middleware/errors.py", line 186, in __call__
    raise exc
  File "/Users/elywright/Desktop/geocentric-main/.venv/lib/python3.9/site-packages/starlette/middleware/errors.py", line 164, in __call__
    await self.app(scope, receive, _send)
  File "/Users/elywright/Desktop/geocentric-main/.venv/lib/python3.9/site-packages/starlette/middleware/cors.py", line 85, in __call__
    await self.app(scope, receive, send)
  File "/Users/elywright/Desktop/geocentric-main/.venv/lib/python3.9/site-packages/starlette/middleware/exceptions.py", line 63, in __call__
    await wrap_app_handling_exceptions(self.app, conn)(scope, receive, send)
  File "/Users/elywright/Desktop/geocentric-main/.venv/lib/python3.9/site-packages/starlette/_exception_handler.py", line 53, in wrapped_app
    raise exc
  File "/Users/elywright/Desktop/geocentric-main/.venv/lib/python3.9/site-packages/starlette/_exception_handler.py", line 42, in wrapped_app
    await app(scope, receive, sender)
  File "/Users/elywright/Desktop/geocentric-main/.venv/lib/python3.9/site-packages/fastapi/middleware/asyncexitstack.py", line 18, in __call__
    await self.app(scope, receive, send)
  File "/Users/elywright/Desktop/geocentric-main/.venv/lib/python3.9/site-packages/starlette/routing.py", line 716, in __call__
    await self.middleware_stack(scope, receive, send)
  File "/Users/elywright/Desktop/geocentric-main/.venv/lib/python3.9/site-packages/starlette/routing.py", line 736, in app
    await route.handle(scope, receive, send)
  File "/Users/elywright/Desktop/geocentric-main/.venv/lib/python3.9/site-packages/starlette/routing.py", line 290, in handle
    await self.app(scope, receive, send)
  File "/Users/elywright/Desktop/geocentric-main/.venv/lib/python3.9/site-packages/fastapi/routing.py", line 121, in app
    await wrap_app_handling_exceptions(app, request)(scope, receive, send)
  File "/Users/elywright/Desktop/geocentric-main/.venv/lib/python3.9/site-packages/starlette/_exception_handler.py", line 53, in wrapped_app
    raise exc
  File "/Users/elywright/Desktop/geocentric-main/.venv/lib/python3.9/site-packages/starlette/_exception_handler.py", line 42, in wrapped_app
    await app(scope, receive, sender)
  File "/Users/elywright/Desktop/geocentric-main/.venv/lib/python3.9/site-packages/fastapi/routing.py", line 108, in app
    await response(scope, receive, send)
  File "/Users/elywright/Desktop/geocentric-main/.venv/lib/python3.9/site-packages/starlette/responses.py", line 277, in __call__
    await wrap(partial(self.listen_for_disconnect, receive))
  File "/Library/Developer/CommandLineTools/Library/Frameworks/Python3.framework/Versions/3.9/lib/python3.9/contextlib.py", line 135, in __exit__
    self.gen.throw(type, value, traceback)
  File "/Users/elywright/Desktop/geocentric-main/.venv/lib/python3.9/site-packages/starlette/_utils.py", line 85, in collapse_excgroups
    raise exc
  File "/Users/elywright/Desktop/geocentric-main/.venv/lib/python3.9/site-packages/starlette/responses.py", line 273, in wrap
    await func()
  File "/Users/elywright/Desktop/geocentric-main/.venv/lib/python3.9/site-packages/starlette/responses.py", line 253, in stream_response
    async for chunk in self.body_iterator:
  File "/Users/elywright/Desktop/geocentric-main/geocentric/server.py", line 5487, in event_stream_ollama
    usage_payload = build_usage_payload(max(1, len(prompt) // 4), max(1, len(accumulated) // 4))
NameError: free variable 'prompt' referenced before assignment in enclosing scope
INFO:     Shutting down
INFO:     Waiting for application shutdown.
INFO:     Application shutdown complete.
INFO:     Finished server process [43309]
/Users/elywright/Desktop/geocentric-main/.venv/lib/python3.9/site-packages/urllib3/__init__.py:35: NotOpenSSLWarning: urllib3 v2 only supports OpenSSL 1.1.1+, currently the 'ssl' module is compiled with 'LibreSSL 2.8.3'. See: https://github.com/urllib3/urllib3/issues/3020
  warnings.warn(
================================================================================
  STEP 1: SELECT THE PRIMARY MODEL TO RUN ON HOSTING (MAIN CHAT FALLBACK)
  (Note: You will select specialized Thinking and Instant models in the next steps!)
================================================================================
  [1] [OLLAMA] gemma4-agent:latest
  [2] [OLLAMA] gemma4-fast:latest
  [3] [OLLAMA] gemma4:12b-mlx
  [4] [OLLAMA] gemma4:latest
  [5] [OLLAMA] igorls/gemma-4-12B-it-heretic-GGUF:latest
  [6] [OLLAMA] qwen:latest
================================================================================
  -> Selected model to run: gemma4-agent:latest
================================================================================
  -> Thinking model configured: gemma4-agent:latest
  -> Instant model configured: gemma4:12b-mlx
================================================================================

================================================================================
Geocentric 2.1 runtime check
================================================================================
Platform: macOS-27.0-arm64-arm-64bit
Python: 3.9.6
PyTorch: 2.7.1
MPS built: True
MPS available: True
CUDA available: False
Selected device: mps
Selected dtype: torch.bfloat16
System memory total: 16.00 GB
System memory available: 2.79 GB
MPS probe mean: 8.0000
Mac GPU communication: OK
================================================================================
⏳ Cron Prompt Scheduler started.
================================================================================
  GEOCENTRIC 2.1 WEB SERVER OPERATIONAL
================================================================================
  - Local host access:   http://localhost:8000
  - Network device access: http://192.168.1.30:8000
  - Public tunnel URL:   requesting...
================================================================================
INFO:     Started server process [44613]
INFO:     Waiting for application startup.
INFO:     Application startup complete.
INFO:     Uvicorn running on http://0.0.0.0:8000 (Press CTRL+C to quit)
  - Public tunnel URL:   https://mighty-papers-lead.loca.lt

ERROR:    Exception in ASGI application
  + Exception Group Traceback (most recent call last):
  |   File "/Users/elywright/Desktop/geocentric-main/.venv/lib/python3.9/site-packages/starlette/_utils.py", line 79, in collapse_excgroups
  |     yield
  |   File "/Users/elywright/Desktop/geocentric-main/.venv/lib/python3.9/site-packages/starlette/responses.py", line 277, in __call__
  |     await wrap(partial(self.listen_for_disconnect, receive))
  |   File "/Users/elywright/Desktop/geocentric-main/.venv/lib/python3.9/site-packages/anyio/_backends/_asyncio.py", line 783, in __aexit__
  |     raise BaseExceptionGroup(
  | exceptiongroup.ExceptionGroup: unhandled errors in a TaskGroup (1 sub-exception)
  +-+---------------- 1 ----------------
    | Traceback (most recent call last):
    |   File "/Users/elywright/Desktop/geocentric-main/.venv/lib/python3.9/site-packages/uvicorn/protocols/http/httptools_impl.py", line 415, in run_asgi
    |     result = await app(  # type: ignore[func-returns-value]
    |   File "/Users/elywright/Desktop/geocentric-main/.venv/lib/python3.9/site-packages/uvicorn/middleware/proxy_headers.py", line 60, in __call__
    |     return await self.app(scope, receive, send)
    |   File "/Users/elywright/Desktop/geocentric-main/.venv/lib/python3.9/site-packages/fastapi/applications.py", line 1138, in __call__
    |     await super().__call__(scope, receive, send)
    |   File "/Users/elywright/Desktop/geocentric-main/.venv/lib/python3.9/site-packages/starlette/applications.py", line 113, in __call__
    |     await self.middleware_stack(scope, receive, send)
    |   File "/Users/elywright/Desktop/geocentric-main/.venv/lib/python3.9/site-packages/starlette/middleware/errors.py", line 186, in __call__
    |     raise exc
    |   File "/Users/elywright/Desktop/geocentric-main/.venv/lib/python3.9/site-packages/starlette/middleware/errors.py", line 164, in __call__
    |     await self.app(scope, receive, _send)
    |   File "/Users/elywright/Desktop/geocentric-main/.venv/lib/python3.9/site-packages/starlette/middleware/cors.py", line 85, in __call__
    |     await self.app(scope, receive, send)
    |   File "/Users/elywright/Desktop/geocentric-main/.venv/lib/python3.9/site-packages/starlette/middleware/exceptions.py", line 63, in __call__
    |     await wrap_app_handling_exceptions(self.app, conn)(scope, receive, send)
    |   File "/Users/elywright/Desktop/geocentric-main/.venv/lib/python3.9/site-packages/starlette/_exception_handler.py", line 53, in wrapped_app
    |     raise exc
    |   File "/Users/elywright/Desktop/geocentric-main/.venv/lib/python3.9/site-packages/starlette/_exception_handler.py", line 42, in wrapped_app
    |     await app(scope, receive, sender)
    |   File "/Users/elywright/Desktop/geocentric-main/.venv/lib/python3.9/site-packages/fastapi/middleware/asyncexitstack.py", line 18, in __call__
    |     await self.app(scope, receive, send)
    |   File "/Users/elywright/Desktop/geocentric-main/.venv/lib/python3.9/site-packages/starlette/routing.py", line 716, in __call__
    |     await self.middleware_stack(scope, receive, send)
    |   File "/Users/elywright/Desktop/geocentric-main/.venv/lib/python3.9/site-packages/starlette/routing.py", line 736, in app
    |     await route.handle(scope, receive, send)
    |   File "/Users/elywright/Desktop/geocentric-main/.venv/lib/python3.9/site-packages/starlette/routing.py", line 290, in handle
    |     await self.app(scope, receive, send)
    |   File "/Users/elywright/Desktop/geocentric-main/.venv/lib/python3.9/site-packages/fastapi/routing.py", line 121, in app
    |     await wrap_app_handling_exceptions(app, request)(scope, receive, send)
    |   File "/Users/elywright/Desktop/geocentric-main/.venv/lib/python3.9/site-packages/starlette/_exception_handler.py", line 53, in wrapped_app
    |     raise exc
    |   File "/Users/elywright/Desktop/geocentric-main/.venv/lib/python3.9/site-packages/starlette/_exception_handler.py", line 42, in wrapped_app
    |     await app(scope, receive, sender)
    |   File "/Users/elywright/Desktop/geocentric-main/.venv/lib/python3.9/site-packages/fastapi/routing.py", line 108, in app
    |     await response(scope, receive, send)
    |   File "/Users/elywright/Desktop/geocentric-main/.venv/lib/python3.9/site-packages/starlette/responses.py", line 277, in __call__
    |     await wrap(partial(self.listen_for_disconnect, receive))
    |   File "/Library/Developer/CommandLineTools/Library/Frameworks/Python3.framework/Versions/3.9/lib/python3.9/contextlib.py", line 135, in __exit__
    |     self.gen.throw(type, value, traceback)
    |   File "/Users/elywright/Desktop/geocentric-main/.venv/lib/python3.9/site-packages/starlette/_utils.py", line 85, in collapse_excgroups
    |     raise exc
    |   File "/Users/elywright/Desktop/geocentric-main/.venv/lib/python3.9/site-packages/starlette/responses.py", line 273, in wrap
    |     await func()
    |   File "/Users/elywright/Desktop/geocentric-main/.venv/lib/python3.9/site-packages/starlette/responses.py", line 253, in stream_response
    |     async for chunk in self.body_iterator:
    |   File "/Users/elywright/Desktop/geocentric-main/geocentric/server.py", line 5487, in event_stream_ollama
    |     usage_payload = build_usage_payload(max(1, len(prompt) // 4), max(1, len(accumulated) // 4))
    | NameError: free variable 'prompt' referenced before assignment in enclosing scope
    +------------------------------------

During handling of the above exception, another exception occurred:

Traceback (most recent call last):
  File "/Users/elywright/Desktop/geocentric-main/.venv/lib/python3.9/site-packages/uvicorn/protocols/http/httptools_impl.py", line 415, in run_asgi
    result = await app(  # type: ignore[func-returns-value]
  File "/Users/elywright/Desktop/geocentric-main/.venv/lib/python3.9/site-packages/uvicorn/middleware/proxy_headers.py", line 60, in __call__
    return await self.app(scope, receive, send)
  File "/Users/elywright/Desktop/geocentric-main/.venv/lib/python3.9/site-packages/fastapi/applications.py", line 1138, in __call__
    await super().__call__(scope, receive, send)
  File "/Users/elywright/Desktop/geocentric-main/.venv/lib/python3.9/site-packages/starlette/applications.py", line 113, in __call__
    await self.middleware_stack(scope, receive, send)
  File "/Users/elywright/Desktop/geocentric-main/.venv/lib/python3.9/site-packages/starlette/middleware/errors.py", line 186, in __call__
    raise exc
  File "/Users/elywright/Desktop/geocentric-main/.venv/lib/python3.9/site-packages/starlette/middleware/errors.py", line 164, in __call__
    await self.app(scope, receive, _send)
  File "/Users/elywright/Desktop/geocentric-main/.venv/lib/python3.9/site-packages/starlette/middleware/cors.py", line 85, in __call__
    await self.app(scope, receive, send)
  File "/Users/elywright/Desktop/geocentric-main/.venv/lib/python3.9/site-packages/starlette/middleware/exceptions.py", line 63, in __call__
    await wrap_app_handling_exceptions(self.app, conn)(scope, receive, send)
  File "/Users/elywright/Desktop/geocentric-main/.venv/lib/python3.9/site-packages/starlette/_exception_handler.py", line 53, in wrapped_app
    raise exc
  File "/Users/elywright/Desktop/geocentric-main/.venv/lib/python3.9/site-packages/starlette/_exception_handler.py", line 42, in wrapped_app
    await app(scope, receive, sender)
  File "/Users/elywright/Desktop/geocentric-main/.venv/lib/python3.9/site-packages/fastapi/middleware/asyncexitstack.py", line 18, in __call__
    await self.app(scope, receive, send)
  File "/Users/elywright/Desktop/geocentric-main/.venv/lib/python3.9/site-packages/starlette/routing.py", line 716, in __call__
    await self.middleware_stack(scope, receive, send)
  File "/Users/elywright/Desktop/geocentric-main/.venv/lib/python3.9/site-packages/starlette/routing.py", line 736, in app
    await route.handle(scope, receive, send)
  File "/Users/elywright/Desktop/geocentric-main/.venv/lib/python3.9/site-packages/starlette/routing.py", line 290, in handle
    await self.app(scope, receive, send)
  File "/Users/elywright/Desktop/geocentric-main/.venv/lib/python3.9/site-packages/fastapi/routing.py", line 121, in app
    await wrap_app_handling_exceptions(app, request)(scope, receive, send)
  File "/Users/elywright/Desktop/geocentric-main/.venv/lib/python3.9/site-packages/starlette/_exception_handler.py", line 53, in wrapped_app
    raise exc
  File "/Users/elywright/Desktop/geocentric-main/.venv/lib/python3.9/site-packages/starlette/_exception_handler.py", line 42, in wrapped_app
    await app(scope, receive, sender)
  File "/Users/elywright/Desktop/geocentric-main/.venv/lib/python3.9/site-packages/fastapi/routing.py", line 108, in app
    await response(scope, receive, send)
  File "/Users/elywright/Desktop/geocentric-main/.venv/lib/python3.9/site-packages/starlette/responses.py", line 277, in __call__
    await wrap(partial(self.listen_for_disconnect, receive))
  File "/Library/Developer/CommandLineTools/Library/Frameworks/Python3.framework/Versions/3.9/lib/python3.9/contextlib.py", line 135, in __exit__
    self.gen.throw(type, value, traceback)
  File "/Users/elywright/Desktop/geocentric-main/.venv/lib/python3.9/site-packages/starlette/_utils.py", line 85, in collapse_excgroups
    raise exc
  File "/Users/elywright/Desktop/geocentric-main/.venv/lib/python3.9/site-packages/starlette/responses.py", line 273, in wrap
    await func()
  File "/Users/elywright/Desktop/geocentric-main/.venv/lib/python3.9/site-packages/starlette/responses.py", line 253, in stream_response
    async for chunk in self.body_iterator:
  File "/Users/elywright/Desktop/geocentric-main/geocentric/server.py", line 5487, in event_stream_ollama
    usage_payload = build_usage_payload(max(1, len(prompt) // 4), max(1, len(accumulated) // 4))
NameError: free variable 'prompt' referenced before assignment in enclosing scope
INFO:     Shutting down
INFO:     Waiting for application shutdown.
INFO:     Application shutdown complete.
INFO:     Finished server process [44613]
/Users/elywright/Desktop/geocentric-main/.venv/lib/python3.9/site-packages/urllib3/__init__.py:35: NotOpenSSLWarning: urllib3 v2 only supports OpenSSL 1.1.1+, currently the 'ssl' module is compiled with 'LibreSSL 2.8.3'. See: https://github.com/urllib3/urllib3/issues/3020
  warnings.warn(
================================================================================
  STEP 1: SELECT THE PRIMARY MODEL TO RUN ON HOSTING (MAIN CHAT FALLBACK)
  (Note: You will select specialized Thinking and Instant models in the next steps!)
================================================================================
  [1] [OLLAMA] gemma4-agent:latest
  [2] [OLLAMA] gemma4-fast:latest
  [3] [OLLAMA] gemma4:12b-mlx
  [4] [OLLAMA] gemma4:latest
  [5] [OLLAMA] igorls/gemma-4-12B-it-heretic-GGUF:latest
  [6] [OLLAMA] qwen:latest
================================================================================
  -> Selected model to run: gemma4-agent:latest
================================================================================
  -> Thinking model configured: gemma4-agent:latest
  -> Instant model configured: gemma4:12b-mlx
================================================================================

================================================================================
Geocentric 2.1 runtime check
================================================================================
Platform: macOS-27.0-arm64-arm-64bit
Python: 3.9.6
PyTorch: 2.7.1
MPS built: True
MPS available: True
CUDA available: False
Selected device: mps
Selected dtype: torch.bfloat16
System memory total: 16.00 GB
System memory available: 9.19 GB
MPS probe mean: 8.0000
Mac GPU communication: OK
================================================================================
⏳ Cron Prompt Scheduler started.================================================================================

  GEOCENTRIC 2.1 WEB SERVER OPERATIONAL
================================================================================
  - Local host access:   http://localhost:8000
  - Network device access: http://192.168.1.30:8000
  - Public tunnel URL:   requesting...
================================================================================
INFO:     Started server process [46880]
INFO:     Waiting for application startup.
INFO:     Application startup complete.
INFO:     Uvicorn running on http://0.0.0.0:8000 (Press CTRL+C to quit)
  - Public tunnel URL:   https://cyan-chicken-peel.loca.lt

